event_id,date,type,severity,source,provenance,grade,time_uncertainty_h,position_uncertainty_m,sources_used,region,location,deaths_reported,notes
WAYANAD-2024-LS-01,30-07-2024,landslide,critical,GSI FIR Mundakkai-Chooralmala; Eos Landslide Blog; ScienceDirect (2025),REAL_VALIDATED,A,3.5,1000,"[""GSI FIR Mundakkai-Chooralmala (2024)"", ""Eos Landslide Blog (2024)"", ""Preliminary analysis of Wayanad landslide, ScienceDirect (2025)"", ""ReliefWeb SitRep 1-2""]",Southern Western Ghats,"Punchirimattom-Mundakkai-Chooralmala, Meppadi, Wayanad, Kerala",373-392 (+150-218 missing),First failure ~01:00 at Chooralmala; GSI notes second pulse ~04:00 at Mundakkai; ~8 km runout debris flow
KAVALAPPARA-2019-LS-01,08-08-2019,landslide,critical,AGU Landslide Blog; Deccan Herald,REAL_RECONSTRUCTED,B,12,500,"[""AGU Landslide Blog (2019-08-21)"", ""Deccan Herald""]",Southern Western Ghats,"Kavalappara, Pothukal, Nilambur, Malappuram, Kerala",59 (incl. 11 missing),Evening event; exact time not fixed in sources used
PUTHUMALA-2019-LS-01,08-08-2019,landslide,high,Onmanorama; The South First,REAL_RECONSTRUCTED,B,12,500,"[""Onmanorama (2024-07-30)"", ""The South First""]",Southern Western Ghats,"Puthumala, Meppadi, Wayanad, Kerala",17,Same rain spell as Kavalappara
PETTIMUDI-2020-LS-01,06-08-2020,landslide,critical,Deccan Herald; BOOM,REAL_RECONSTRUCTED,B,12,500,"[""Deccan Herald (Munnar landslide toll)"", ""BOOM Live explainer""]",Southern Western Ghats,"Pettimudi, Rajamala, Munnar, Idukki, Kerala",66-70,Night event on tea-estate labour lines
KOOTTICKAL-2021-LS-01,16-10-2021,landslide,high,Onmanorama; BOOM,REAL_RECONSTRUCTED,B,12,5000,"[""Onmanorama"", ""BOOM Live explainer""]",Southern Western Ghats,"Plapally & Kavali (Koottickal, Kottayam) and Makkochi & Poovanchi (Kokkayar, Idukki), Kerala",~20-25,Cluster of 4 slides in adjacent panchayats: 13 at Koottickal + 7 at Kokkayar
KATTIPPARA-2018-LS-01,14-06-2018,landslide,high,Springer (Karinchola landslide chapter); Deccan Herald,REAL_RECONSTRUCTED,B,6,500,"[""The June 2018 Karinchola Landslide, Springer (2022)"", ""Deccan Herald (toll 13)"", ""Gulf News""]",Southern Western Ghats,"Karinchola hill, Kattippara, Kozhikode, Kerala",13-14,Early-morning event; a breached water-storage tank on the slope is a suspected contributing factor
KODAGU-2018-LS-01,17-08-2018,landslide,high,AGU Landslide Blog; IOSR-JHSS; Mongabay,REAL_RECONSTRUCTED,B,48,20000,"[""AGU Landslide Blog (2018-09-19)"", ""Analysis of August 2018 Disaster in Kodagu, IOSR-JHSS"", ""Mongabay India (2020)""]",Southern Western Ghats,"Kodagu district incl. Mukkodlu, Karnataka",~23,District-wide cluster during 15-17 Aug 2018 rain; peak 17 Aug
TALACAUVERY-2020-LS-01,05-08-2020,landslide,moderate,The News Minute; Deccan Herald,REAL_RECONSTRUCTED,B,12,500,"[""The News Minute"", ""Deccan Herald (Brahmagiri landslides)""]",Southern Western Ghats,"Gajagiri/Brahmagiri hill near Talacauvery, Bhagamandala, Kodagu, Karnataka",5 (missing),Night of 5 Aug (some reports date it 6 Aug); temple priest's family
MALIN-2014-LS-01,30-07-2014,landslide,critical,Wikipedia (2014 Malin landslide); ThePrint,REAL_RECONSTRUCTED,B,12,500,"[""2014 Malin landslide, Wikipedia"", ""ThePrint (2023)"", ""Deccan Herald""]",Northern Western Ghats,"Malin, Ambegaon taluka, Pune, Maharashtra",151,
TALIYE-2021-LS-01,22-07-2021,landslide,critical,ThePrint; Deccan Herald,REAL_RECONSTRUCTED,B,12,500,"[""ThePrint (2023)"", ""Deccan Herald""]",Northern Western Ghats,"Taliye, Mahad taluka, Raigad, Maharashtra",84-85,
SATARA-2021-LS-01,22-07-2021,landslide,high,Deccan Herald; India TV; FloodList,REAL_RECONSTRUCTED,B,12,5000,"[""Deccan Herald (Satara toll 28)"", ""India TV (Ambeghar)"", ""FloodList (Jul 2021)""]",Northern Western Ghats,"Ambeghar, Mirgaon, Dhokawale, Patan tehsil, Satara, Maharashtra",~26 landslide bodies (37 district rain toll),Night of 22-23 Jul; multiple villages
IRSHALWADI-2023-LS-01,19-07-2023,landslide,critical,ScienceDirect (Irshalwadi landslide); Deccan Herald; Oneindia,REAL_RECONSTRUCTED,B,1,500,"[""Irshalwadi landslide ... precursory slope movement, ScienceDirect (2024)"", ""Deccan Herald"", ""Oneindia""]",Northern Western Ghats,"Irshalwadi, Khalapur, Raigad, Maharashtra",27 (+57 missing),~22:30 IST
CANACONA-2009-FF-01,08-10-2009,flash_flood,low,Goa SDMA,REAL_VALIDATED,A,24,5000,"[""Goa SDMA: Flash Floods at Canacona""]",Northern Western Ghats,"Canacona taluka (Galgibaga, Poinguinim, Bhatpal, Mashem), South Goa",2 (feared),
SATTARI-2021-FF-01,23-07-2021,flash_flood,low,FloodList,REAL_RECONSTRUCTED,C,24,10000,"[""FloodList (Maharashtra/Goa, Jul 2021)""]",Northern Western Ghats,"Sattari taluka (Valvanti & Mahadayi rivers), North Goa",0 reported,130 houses destroyed; single source
MARAPPALAM-1993-LS-01,11-11-1993,landslide,high,ASCE Int. J. Geomechanics (Marappalam case study); Geoenvironmental Disasters (2019),REAL_RECONSTRUCTED,B,12,1000,"[""Rainfall-Induced Landslides: Marappalam, ASCE IJG (2018)"", ""Evaluation of landslide hazard ... Nilgiris, Geoenvironmental Disasters (2019)""]",Nilgiris-Anamalai-Palani,"Marappalam, Coonoor-Mettupalayam ghat road, Nilgiris, Tamil Nadu",12 (+15 missing),Reported as cloudburst; 18 huts and 2 buses washed away; one source gives 27 deaths
NILGIRIS-2009-LS-01,10-11-2009,landslide,critical,Natural Hazards (2012); SERC Carleton case study; ReliefWeb,REAL_RECONSTRUCTED,B,48,15000,"[""Investigation on infrastructural damages ... November 2009 in Nilgiris, Natural Hazards (2012)"", ""SERC Carleton: 2009 Disastrous landslides in Nilgiris"", ""ReliefWeb""]",Nilgiris-Anamalai-Palani,"Ooty, Coonoor & Kotagiri taluks, Nilgiris, Tamil Nadu",42-43 (some sources ~80 over 10-15 Nov),Cluster of 70+ (up to ~1150) slides; toll conflicts across sources
AVALANCHE-2019-LS-01,08-08-2019,landslide,moderate,Mongabay India; Deccan Herald,REAL_RECONSTRUCTED,B,48,10000,"[""Mongabay India (2019-10)"", ""Deccan Herald (five killed in Nilgiris)""]",Nilgiris-Anamalai-Palani,"Avalanche / Emerald area, Nilgiris, Tamil Nadu",5,Avalanche gauge: 405 mm (7 Aug) / 820 mm (8 Aug) / 911 mm (9 Aug)
VALPARAI-2024-LS-01,30-07-2024,landslide,low,Deccan Herald,REAL_RECONSTRUCTED,C,24,5000,"[""Deccan Herald (2024-07-30)""]",Nilgiris-Anamalai-Palani,"Valparai, Anamalai hills, Coimbatore, Tamil Nadu",2,Single source; same night as Wayanad
MEDARASOLA-2014-LS-01,12-10-2014,landslide,moderate,Down To Earth,REAL_RECONSTRUCTED,C,48,1000,"[""Down To Earth (Hudhud: five tribals buried alive)""]",Eastern Ghats,"Medarasola, Madula GP, Araku block, Visakhapatnam, Andhra Pradesh",5,After Cyclone Hudhud landfall (12 Oct 2014); exact slide date not given
BARAGHARA-2018-LS-01,11-10-2018,landslide,high,ReliefWeb; The Watchers; weADAPT,REAL_RECONSTRUCTED,C,24,1000,"[""ReliefWeb (12 killed in landslide in cyclone Titli-hit Odisha)"", ""The Watchers (2018-10-14)"", ""weADAPT blog""]",Eastern Ghats,"Baraghara, Rayagada block, Gajapati, Odisha",Dec-15,Cave shelter collapse during Cyclone Titli; sources conflict on 11 vs 12 Oct
ANNAMAYYA-2021-FF-01,19-11-2021,flash_flood,high,SANDRP; The Wire,REAL_RECONSTRUCTED,B,6,5000,"[""SANDRP (2021-12-05)"", ""The Wire (Annamayya dam breach)""]",Eastern Ghats,"Annamayya project, Cheyyeru river, Rajampet, Kadapa (now Annamayya dist.), Andhra Pradesh",~33,Dam-breach flash flood after extreme rain; not purely natural
MOGALRAJAPURAM-2024-LS-01,31-08-2024,landslide,moderate,Wikipedia (2024 Vijayawada floods); Outlook; The Watchers,REAL_RECONSTRUCTED,B,12,500,"[""2024 Vijayawada floods, Wikipedia"", ""Outlook India"", ""The Watchers (2024-09-01)""]",Eastern Ghats,"Mogalrajapuram, Vijayawada, NTR district, Andhra Pradesh",5,Boulder fall onto two houses; >29 cm rain in a day
KOTRUPI-2017-LS-01,13-08-2017,landslide,high,The Tribune; ThePrint,REAL_RECONSTRUCTED,B,12,500,"[""The Tribune"", ""ThePrint""]",Himachal Pradesh,"Kotrupi, Mandi-Pathankot NH, Mandi, Himachal Pradesh",48,Two HRTC buses buried
BATSERI-2021-LS-01,25-07-2021,landslide,moderate,Himachal Watcher; Inquirer/AFP,REAL_RECONSTRUCTED,B,12,500,"[""Himachal Watcher (2021-07-25)"", ""Inquirer News""]",Himachal Pradesh,"Batseri, Sangla-Chitkul road, Kinnaur, Himachal Pradesh",9,Rockfall caught on video; Bailey bridge destroyed
NIGULSARI-2021-LS-01,11-08-2021,landslide,high,The Tribune; ResearchGate note,REAL_RECONSTRUCTED,B,0.5,500,"[""The Tribune"", ""Recent Landslide News of Himachal, ResearchGate""]",Himachal Pradesh,"Nigulsari-Chaura, NH-5, Kinnaur, Himachal Pradesh",28,~12:30 IST rockslide hit HRTC bus and vehicles
BEAS-2023-FF-01,09-07-2023,flash_flood,high,ScienceDirect (Upper Beas 9-11 July 2023); ResearchGate,REAL_RECONSTRUCTED,B,24,20000,"[""Analysis of flood and channel dynamics ... Upper Beas 9-11 July 2023, ScienceDirect (2025)"", ""The Beas River Floods 2023, ResearchGate""]",Himachal Pradesh,"Upper Beas valley, Manali-Kullu-Mandi, Himachal Pradesh",39 Kullu + 15 Mandi (24 Jun-30 Jul season),Peak flow 9-10 Jul; toll covers whole monsoon spell so severity kept at high
SUMMERHILL-2023-LS-01,14-08-2023,landslide,high,Eos Landslide Blog; ResearchGate (Shiv Bawdi); The Tribune,REAL_RECONSTRUCTED,B,1,500,"[""Eos: The 14 August 2023 landslides in Himachal Pradesh"", ""Preliminary assessment of the Shiv Bawdi landslide, ResearchGate"", ""The Tribune""]",Himachal Pradesh,"Shiv Bawdi temple, Summer Hill, Shimla, Himachal Pradesh",20,~08:00 IST during a gathering
SAMEJ-2024-FF-01,31-07-2024,flash_flood,high,Deccan Herald; The Tribune; Onmanorama,REAL_RECONSTRUCTED,B,6,2000,"[""Deccan Herald (Samej toll 21)"", ""The Tribune"", ""Onmanorama (2024-08-03)""]",Himachal Pradesh,"Samej, Rampur subdivision, Shimla, Himachal Pradesh",21 (of 36 missing),Cloudburst night of 31 Jul; simultaneous bursts at Nirmand/Malana (Kullu) and Padhar (Mandi)
SERAJ-2025-FF-01,01-07-2025,flash_flood,high,Down To Earth; The Tribune; Deccan Herald,REAL_RECONSTRUCTED,B,3,15000,"[""Down To Earth (2025-07)"", ""The Tribune"", ""Deccan Herald (Mandi toll 13)""]",Himachal Pradesh,"Seraj & Thunag (Rode), Mandi, Himachal Pradesh",10-14 (+29-34 missing),~Midnight 30 Jun/1 Jul; ~10 cloudbursts in the district
LEH-2010-FF-01,06-08-2010,flash_flood,critical,NIDM newsletter; Wikipedia (2010 Ladakh floods); ResearchGate study,REAL_VALIDATED,A,0.5,5000,"[""NIDM Newsletter (2010)"", ""2010 Ladakh floods, Wikipedia"", ""Study of cloudburst and flash floods around Leh, ResearchGate""]",Jammu & Kashmir / Ladakh,"Leh town & Choglamsar, Ladakh",196-255,Cloudburst 00:00-00:30 IST
HUNZAR-2021-FF-01,28-07-2021,flash_flood,high,Wikipedia (2021 Hunzar Kishtwar cloudburst); Kashmir Life; Greater Kashmir,REAL_RECONSTRUCTED,B,12,1000,"[""2021 Hunzar Kishtwar cloudburst, Wikipedia"", ""Kashmir Life"", ""Greater Kashmir"", ""Deccan Herald""]",Jammu & Kashmir / Ladakh,"Hunzar hamlet, Dachhan, Kishtwar, J&K",26 (7 recovered + 19 declared dead),
AMARNATH-2022-FF-01,08-07-2022,flash_flood,critical,Down To Earth; The Tribune; Wikipedia (2022 Amarnath floods),REAL_RECONSTRUCTED,B,0.5,1000,"[""Down To Earth"", ""The Tribune"", ""2022 Amarnath floods, Wikipedia"", ""Kashmir Life""]",Jammu & Kashmir / Ladakh,"Amarnath cave shrine base camp, Anantnag/Ganderbal, J&K",16 (+~40 missing),~17:30 IST cloudburst
CHASOTI-2025-FF-01,14-08-2025,flash_flood,critical,Wikipedia (2025 Kishtwar flash flood); Newsonair; The Watchers,REAL_RECONSTRUCTED,B,0.5,1000,"[""2025 Kishtwar district flash flood, Wikipedia"", ""Newsonair (2025-08-21)"", ""The Watchers (2025-08-15)""]",Jammu & Kashmir / Ladakh,"Chasoti (Chositi), Machail yatra route, Padder, Kishtwar, J&K",65-68 (+~38 missing),~11:30 IST
JODHGHATI-2025-FF-01,17-08-2025,flash_flood,moderate,The Tribune; Business Standard; Newsonair,REAL_RECONSTRUCTED,B,6,1000,"[""The Tribune"", ""Business Standard"", ""Newsonair (2025-08-17)""]",Jammu & Kashmir / Ladakh,"Jodh Ghati, Rajbagh, Kathua, J&K",5,Early-morning cloudburst; a separate landslide at Janglote killed 2 more
VAISHNODEVI-2025-LS-01,26-08-2025,landslide,high,Eos Landslide Blog; ETV Bharat; India TV,REAL_RECONSTRUCTED,B,1,500,"[""Eos: The 26 August 2025 landslide on the Vaishno Devi route"", ""ETV Bharat"", ""India TV"", ""The Watchers""]",Jammu & Kashmir / Ladakh,"Ardhkuwari (Inderprastha Bhojnalaya), Katra track, Reasi, J&K",32-34,~15:00 IST
MALPA-1998-LS-01,18-08-1998,landslide,critical,Geomorphology (2000); Wikipedia (1998 Malpa landslide); Down To Earth,REAL_RECONSTRUCTED,B,1,500,"[""Catastrophic mass movement of 1998 monsoons at Malpa, Geomorphology (2000)"", ""1998 Malpa landslide, Wikipedia"", ""Down To Earth""]",Uttarakhand,"Malpa, Kali valley, Dharchula, Pithoragarh, Uttarakhand",221,~03:00 IST; incl. ~60 Kailash-Mansarovar pilgrims
UKHIMATH-2012-LS-01,14-09-2012,landslide,critical,NRSC Bhuvan (Okhimath landslides 2012); ReliefWeb; Deccan Herald,REAL_VALIDATED,A,6,5000,"[""NRSC: Okhimath landslides in 2012 - satellite based study"", ""ReliefWeb: Rudraprayag cloudburst analysis"", ""Deccan Herald""]",Uttarakhand,"Ukhimath block (Chunni, Mangoli, Kimana etc.), Rudraprayag, Uttarakhand",33-53 (+18-35 missing),Cloudburst-triggered landslides night of 13-14 Sep; tolls conflict
KEDARNATH-2013-FF-01,17-06-2013,flash_flood,critical,Natural Hazards (2016); Wikipedia (2013 North India floods / Chorabari Lake); Dialogue Earth,REAL_RECONSTRUCTED,B,12,2000,"[""Kedarnath disaster 2013: causes and consequences, Natural Hazards (2016)"", ""Chorabari Lake, Wikipedia"", ""Dialogue Earth""]",Uttarakhand,"Kedarnath town / Chorabari Lake, Rudraprayag, Uttarakhand",>5000 (state-wide),Debris flow 16 Jun evening; Chorabari lake breach 17 Jun morning
CHAMOLI-2021-FF-01,07-02-2021,flash_flood,critical,Science (Shugar et al. 2021); MHA Disaster Management Division; ICIMOD,REAL_VALIDATED,A,0.5,1000,"[""Shugar et al., Science (2021)"", ""MHA Disaster Management Division"", ""ICIMOD"", ""ESA""]",Uttarakhand,"Ronti Gad-Rishiganga-Dhauliganga, Raini/Tapovan, Chamoli, Uttarakhand",76 dead of 204 missing,Rock-ice avalanche ~10:21 IST; flood reached Raini ~10:45
GAURIKUND-2023-LS-01,03-08-2023,landslide,high,Down To Earth; Deccan Herald; ANI,REAL_RECONSTRUCTED,B,6,500,"[""Down To Earth"", ""Deccan Herald (toll 10)"", ""ANI""]",Uttarakhand,"Gaurikund, Kedarnath route, Rudraprayag, Uttarakhand",10 (+13 missing),Night of 3-4 Aug
DHARALI-2025-FF-01,05-08-2025,flash_flood,critical,Eos Landslide Blog; Down To Earth; Springer Landslides (2026),REAL_RECONSTRUCTED,B,0.5,1000,"[""Eos: The cause of the 5 August 2025 Dharali disaster"", ""Down To Earth"", ""Hydro-meteorological analysis of Dharali flash flood, Landslides (2026)"", ""The Federal""]",Uttarakhand,"Dharali, Kheer Gad, Harsil, Uttarkashi, Uttarakhand",~77 (official est.; early reports 4-5 + >50 missing),~13:30-13:45 IST debris flow/flash flood
THARALI-2025-FF-01,22-08-2025,flash_flood,moderate,India TV; Business Standard; Newsonair,REAL_RECONSTRUCTED,C,6,2000,"[""India TV"", ""Business Standard"", ""Newsonair (2025-08-23)""]",Uttarakhand,"Tharali tehsil, Chamoli, Uttarakhand",1-4 (missing counts conflict),Late night 22-23 Aug; casualty figures conflict
MIRIK-2015-LS-01,30-06-2015,landslide,high,The Tribune; Gulf News; Hindustan Times,REAL_RECONSTRUCTED,B,6,10000,"[""The Tribune (38 killed in Darjeeling landslides)"", ""Gulf News"", ""Hindustan Times""]",Sikkim / Darjeeling,"Mirik & Kalimpong/Darjeeling subdivisions, West Bengal",38 (21 in Mirik + 13 missing),Night of 30 Jun-1 Jul
SOUTHLHONAK-2023-FF-01,04-10-2023,flash_flood,critical,Science (2024); Scientific Reports (2026); Eos,REAL_RECONSTRUCTED,B,2,10000,"[""The Sikkim flood of October 2023, Science (2024)"", ""Sequence of events ... South Lhonak, Scientific Reports (2026)"", ""Eos Landslide Blog"", ""J. Hydrology: Regional Studies (2025)""]",Sikkim / Darjeeling,"South Lhonak Lake -> Chungthang (Teesta III dam), Mangan, Sikkim",55 (+74 missing),GLOF ~midnight 3-4 Oct; damage along 385 km of Teesta
MANGAN-2024-LS-01,13-06-2024,landslide,moderate,Business Standard/PTI; National Herald/PTI,REAL_RECONSTRUCTED,C,12,15000,"[""Business Standard (PTI)"", ""National Herald (PTI)""]",Sikkim / Darjeeling,"Mangan district, North Sikkim",6,Both reports syndicate the same PTI wire (single source)
CHATEN-2025-LS-01,01-06-2025,landslide,moderate,Eos Landslide Blog; Indian Army Trishakti Corps; The Watchers,REAL_RECONSTRUCTED,B,1,500,"[""Eos: The 1 June 2025 landslides at Chaten"", ""Trishakti Corps (X post)"", ""The Watchers""]",Sikkim / Darjeeling,"Chaten army camp, Lachen, Mangan, North Sikkim",9 (3 dead + 6 missing),~19:00 IST
DARJEELING-2025-LS-01,05-10-2025,landslide,high,Deccan Herald; The Federal; Newsonair,REAL_RECONSTRUCTED,B,6,10000,"[""Deccan Herald"", ""The Federal"", ""Newsonair (2025-10-05)""]",Sikkim / Darjeeling,"Mirik & Darjeeling subdivisions, West Bengal",18 in Darjeeling dist. (24 incl. Nagrakata/Jalpaiguri),Overnight 4-5 Oct; 11 deaths in Mirik
PHAMLA-2016-LS-01,22-04-2016,landslide,high,Zee News; The Wire,REAL_RECONSTRUCTED,B,12,500,"[""Zee News"", ""The Wire Science""]",Arunachal Pradesh,"Phamla, Tawang, Arunachal Pradesh",16,Labour camp at a hotel construction site
LAPTAP-2017-LS-01,11-07-2017,landslide,high,GSI report; Arunachal Observer; The Statesman,REAL_VALIDATED,A,0.5,500,"[""GSI landslide report (Laptap)"", ""Arunachal Observer"", ""The Statesman""]",Arunachal Pradesh,"Laptap, Papum Pare, Arunachal Pradesh",14,14:30 IST per GSI
BANASEPPA-2025-LS-01,30-05-2025,landslide,moderate,The Arunachal Times; Deccan Herald,REAL_RECONSTRUCTED,B,3,2000,"[""The Arunachal Times (2025-06-01)"", ""Deccan Herald""]",Arunachal Pradesh,"Bana-Seppa stretch, NH-13, East Kameng, Arunachal Pradesh",7,Late Friday night; vehicle pushed into gorge
TUPUL-2022-LS-01,30-06-2022,landslide,critical,AGU Landslide Blog; Wikipedia (2022 Manipur landslide); Mongabay,REAL_RECONSTRUCTED,B,1.5,500,"[""AGU Landslide Blog (2022-07-04)"", ""2022 Manipur landslide, Wikipedia"", ""Mongabay India"", ""Research Square preprint""]",Mizoram / Manipur / Nagaland,"Tupul railway construction camp, Noney, Manipur",58-61,~00:30-02:00 IST
AIZAWL-2024-LS-01,28-05-2024,landslide,high,Mizoram DIPR; Landslides (Springer 2025); ReliefWeb SitRep,REAL_VALIDATED,A,6,3000,"[""Mizoram DIPR: Cyclone Remal claims 27 lives in Aizawl district"", ""Preliminary investigation on Cyclone Remal-induced landslides in Aizawl, Landslides (2025)"", ""ReliefWeb SitRep 4""]",Mizoram / Manipur / Nagaland,"Melthum, Hlimen, Falkawn & Salem Veng, Aizawl, Mizoram",25-30,Cyclone Remal rain; includes a stone-quarry collapse (~14)
PAKALAPAHAR-2023-LS-01,04-07-2023,landslide,low,ETV Bharat; Morung Express,REAL_RECONSTRUCTED,B,0.5,500,"[""ETV Bharat"", ""Morung Express""]",Mizoram / Manipur / Nagaland,"Pakala Pahar, NH-29, Chümoukedima, Nagaland",2,~17:00 IST rockslide on vehicles
NH29-2024-LS-01,04-09-2024,landslide,moderate,Newsonair,REAL_RECONSTRUCTED,C,12,5000,"[""Newsonair (2024-09-04)"", ""Newsonair (2024-09-05)""]",Mizoram / Manipur / Nagaland,"NH-29 between Kohima and Dimapur, Nagaland",6,Mudslides after 3-4 Sep rain; single outlet
BARAK-2020-LS-01,02-06-2020,landslide,high,Al Jazeera; The Tribune,REAL_RECONSTRUCTED,B,12,30000,"[""Al Jazeera (2020-06-02)"", ""The Tribune""]",Meghalaya / Assam hills,"Cachar, Hailakandi & Karimganj, Barak Valley, Assam",20-21,Three near-simultaneous slides in three districts
DIMAHASAO-2022-LS-01,11-05-2022,landslide,moderate,Landslides (Springer 2023); AGU Landslide Blog; Down To Earth,REAL_RECONSTRUCTED,B,168,20000,"[""Cluster landslides ... Dima Hasao May 2022, Landslides (2023)"", ""AGU Landslide Blog (2022-11-07)"", ""Down To Earth""]",Meghalaya / Assam hills,"Haflong & New Haflong railway station, Dima Hasao, Assam",03-May,5178 slides over 11-18 May; date = start of rain spell (max 24 h rain 156 mm on 11 May)
GAROHILLS-2024-LS-01,05-10-2024,landslide,high,DD News; India Today NE; Deccan Herald,REAL_RECONSTRUCTED,B,12,1000,"[""DD News"", ""India Today NE (2024-10-06)"", ""Deccan Herald""]",Meghalaya / Assam hills,"Hatiasia Songma, South Garo Hills (+ Dalu flash flood, West Garo Hills), Meghalaya",10-15 (7 in one landslide),Overnight 4-5 Oct
