event_id,hex_id,timestamp,label,tier,coordinate_precision,village,event_type,event_severity
E001,88600640b5fffff,2024-07-30T00:00:00+00:00,positive,Red,village-level,Mundakkai,landslide,critical
E001,88600640b7fffff,2024-07-30T00:00:00+00:00,positive,Red,village-level,Mundakkai,landslide,critical
E001,8860064e41fffff,2024-07-30T00:00:00+00:00,positive,Red,village-level,Mundakkai,landslide,critical
E001,8860064e43fffff,2024-07-30T00:00:00+00:00,positive,Red,village-level,Mundakkai,landslide,critical
E001,8860064e49fffff,2024-07-30T00:00:00+00:00,positive,Red,village-level,Mundakkai,landslide,critical
E001,8860064e4bfffff,2024-07-30T00:00:00+00:00,positive,Red,village-level,Mundakkai,landslide,critical
E001,8860064e5dfffff,2024-07-30T00:00:00+00:00,positive,Red,village-level,Mundakkai,landslide,critical
E002,88600640b5fffff,2024-07-30T00:00:00+00:00,positive,Red,village-level,Chooralmala,landslide,critical
E002,88600640b7fffff,2024-07-30T00:00:00+00:00,positive,Red,village-level,Chooralmala,landslide,critical
E002,8860064e41fffff,2024-07-30T00:00:00+00:00,positive,Red,village-level,Chooralmala,landslide,critical
E002,8860064e43fffff,2024-07-30T00:00:00+00:00,positive,Red,village-level,Chooralmala,landslide,critical
E002,8860064e49fffff,2024-07-30T00:00:00+00:00,positive,Red,village-level,Chooralmala,landslide,critical
E002,8860064e4bfffff,2024-07-30T00:00:00+00:00,positive,Red,village-level,Chooralmala,landslide,critical
E002,8860064e5dfffff,2024-07-30T00:00:00+00:00,positive,Red,village-level,Chooralmala,landslide,critical
E003,88600640b5fffff,2024-07-30T00:00:00+00:00,positive,Red,village-level,Mundakkai,flash_flood,critical
E003,88600640b7fffff,2024-07-30T00:00:00+00:00,positive,Red,village-level,Mundakkai,flash_flood,critical
E003,8860064e41fffff,2024-07-30T00:00:00+00:00,positive,Red,village-level,Mundakkai,flash_flood,critical
E003,8860064e43fffff,2024-07-30T00:00:00+00:00,positive,Red,village-level,Mundakkai,flash_flood,critical
E003,8860064e49fffff,2024-07-30T00:00:00+00:00,positive,Red,village-level,Mundakkai,flash_flood,critical
E003,8860064e4bfffff,2024-07-30T00:00:00+00:00,positive,Red,village-level,Mundakkai,flash_flood,critical
E003,8860064e5dfffff,2024-07-30T00:00:00+00:00,positive,Red,village-level,Mundakkai,flash_flood,critical
E003,88600640b5fffff,2024-07-30T00:00:00+00:00,positive,Red,village-level,Chooralmala,flash_flood,critical
E003,88600640b7fffff,2024-07-30T00:00:00+00:00,positive,Red,village-level,Chooralmala,flash_flood,critical
E003,8860064e41fffff,2024-07-30T00:00:00+00:00,positive,Red,village-level,Chooralmala,flash_flood,critical
E003,8860064e43fffff,2024-07-30T00:00:00+00:00,positive,Red,village-level,Chooralmala,flash_flood,critical
E003,8860064e49fffff,2024-07-30T00:00:00+00:00,positive,Red,village-level,Chooralmala,flash_flood,critical
E003,8860064e4bfffff,2024-07-30T00:00:00+00:00,positive,Red,village-level,Chooralmala,flash_flood,critical
E003,8860064e5dfffff,2024-07-30T00:00:00+00:00,positive,Red,village-level,Chooralmala,flash_flood,critical
E004,8860064e41fffff,2024-07-30T00:00:00+00:00,positive,Red,village-level,Attamala,landslide,critical
E004,8860064e43fffff,2024-07-30T00:00:00+00:00,positive,Red,village-level,Attamala,landslide,critical
E004,8860064e45fffff,2024-07-30T00:00:00+00:00,positive,Red,village-level,Attamala,landslide,critical
E004,8860064e47fffff,2024-07-30T00:00:00+00:00,positive,Red,village-level,Attamala,landslide,critical
E004,8860064e49fffff,2024-07-30T00:00:00+00:00,positive,Red,village-level,Attamala,landslide,critical
E004,8860064e4bfffff,2024-07-30T00:00:00+00:00,positive,Red,village-level,Attamala,landslide,critical
E004,8860064e4dfffff,2024-07-30T00:00:00+00:00,positive,Red,village-level,Attamala,landslide,critical
E005,88600640b1fffff,2024-07-30T00:00:00+00:00,positive,Red,village-level,Punjirimattom,landslide,high
E005,88600640b3fffff,2024-07-30T00:00:00+00:00,positive,Red,village-level,Punjirimattom,landslide,high
E005,88600640b5fffff,2024-07-30T00:00:00+00:00,positive,Red,village-level,Punjirimattom,landslide,high
E005,88600640b7fffff,2024-07-30T00:00:00+00:00,positive,Red,village-level,Punjirimattom,landslide,high
E005,8860064e4bfffff,2024-07-30T00:00:00+00:00,positive,Red,village-level,Punjirimattom,landslide,high
E005,8860064e59fffff,2024-07-30T00:00:00+00:00,positive,Red,village-level,Punjirimattom,landslide,high
E005,8860064e5dfffff,2024-07-30T00:00:00+00:00,positive,Red,village-level,Punjirimattom,landslide,high
E006,88600640b5fffff,2019-08-09T00:00:00+00:00,positive,Red,village-level,Mundakkai,landslide,high
E006,88600640b7fffff,2019-08-09T00:00:00+00:00,positive,Red,village-level,Mundakkai,landslide,high
E006,8860064e41fffff,2019-08-09T00:00:00+00:00,positive,Red,village-level,Mundakkai,landslide,high
E006,8860064e43fffff,2019-08-09T00:00:00+00:00,positive,Red,village-level,Mundakkai,landslide,high
E006,8860064e49fffff,2019-08-09T00:00:00+00:00,positive,Red,village-level,Mundakkai,landslide,high
E006,8860064e4bfffff,2019-08-09T00:00:00+00:00,positive,Red,village-level,Mundakkai,landslide,high
E006,8860064e5dfffff,2019-08-09T00:00:00+00:00,positive,Red,village-level,Mundakkai,landslide,high
E006,88600640b5fffff,2019-08-09T00:00:00+00:00,positive,Red,village-level,Chooralmala,landslide,high
E006,88600640b7fffff,2019-08-09T00:00:00+00:00,positive,Red,village-level,Chooralmala,landslide,high
E006,8860064e41fffff,2019-08-09T00:00:00+00:00,positive,Red,village-level,Chooralmala,landslide,high
E006,8860064e43fffff,2019-08-09T00:00:00+00:00,positive,Red,village-level,Chooralmala,landslide,high
E006,8860064e49fffff,2019-08-09T00:00:00+00:00,positive,Red,village-level,Chooralmala,landslide,high
E006,8860064e4bfffff,2019-08-09T00:00:00+00:00,positive,Red,village-level,Chooralmala,landslide,high
E006,8860064e5dfffff,2019-08-09T00:00:00+00:00,positive,Red,village-level,Chooralmala,landslide,high
E006,8860064e41fffff,2019-08-09T00:00:00+00:00,positive,Red,village-level,Attamala,landslide,high
E006,8860064e43fffff,2019-08-09T00:00:00+00:00,positive,Red,village-level,Attamala,landslide,high
E006,8860064e45fffff,2019-08-09T00:00:00+00:00,positive,Red,village-level,Attamala,landslide,high
E006,8860064e47fffff,2019-08-09T00:00:00+00:00,positive,Red,village-level,Attamala,landslide,high
E006,8860064e49fffff,2019-08-09T00:00:00+00:00,positive,Red,village-level,Attamala,landslide,high
E006,8860064e4bfffff,2019-08-09T00:00:00+00:00,positive,Red,village-level,Attamala,landslide,high
E006,8860064e4dfffff,2019-08-09T00:00:00+00:00,positive,Red,village-level,Attamala,landslide,high
E006,88600640b1fffff,2019-08-09T00:00:00+00:00,positive,Red,village-level,Punjirimattom,landslide,high
E006,88600640b3fffff,2019-08-09T00:00:00+00:00,positive,Red,village-level,Punjirimattom,landslide,high
E006,88600640b5fffff,2019-08-09T00:00:00+00:00,positive,Red,village-level,Punjirimattom,landslide,high
E006,88600640b7fffff,2019-08-09T00:00:00+00:00,positive,Red,village-level,Punjirimattom,landslide,high
E006,8860064e4bfffff,2019-08-09T00:00:00+00:00,positive,Red,village-level,Punjirimattom,landslide,high
E006,8860064e59fffff,2019-08-09T00:00:00+00:00,positive,Red,village-level,Punjirimattom,landslide,high
E006,8860064e5dfffff,2019-08-09T00:00:00+00:00,positive,Red,village-level,Punjirimattom,landslide,high
E007,88600640b5fffff,2019-08-09T00:00:00+00:00,positive,Red,village-level,Mundakkai,flash_flood,high
E007,88600640b7fffff,2019-08-09T00:00:00+00:00,positive,Red,village-level,Mundakkai,flash_flood,high
E007,8860064e41fffff,2019-08-09T00:00:00+00:00,positive,Red,village-level,Mundakkai,flash_flood,high
E007,8860064e43fffff,2019-08-09T00:00:00+00:00,positive,Red,village-level,Mundakkai,flash_flood,high
E007,8860064e49fffff,2019-08-09T00:00:00+00:00,positive,Red,village-level,Mundakkai,flash_flood,high
E007,8860064e4bfffff,2019-08-09T00:00:00+00:00,positive,Red,village-level,Mundakkai,flash_flood,high
E007,8860064e5dfffff,2019-08-09T00:00:00+00:00,positive,Red,village-level,Mundakkai,flash_flood,high
E007,88600640b5fffff,2019-08-09T00:00:00+00:00,positive,Red,village-level,Chooralmala,flash_flood,high
E007,88600640b7fffff,2019-08-09T00:00:00+00:00,positive,Red,village-level,Chooralmala,flash_flood,high
E007,8860064e41fffff,2019-08-09T00:00:00+00:00,positive,Red,village-level,Chooralmala,flash_flood,high
E007,8860064e43fffff,2019-08-09T00:00:00+00:00,positive,Red,village-level,Chooralmala,flash_flood,high
E007,8860064e49fffff,2019-08-09T00:00:00+00:00,positive,Red,village-level,Chooralmala,flash_flood,high
E007,8860064e4bfffff,2019-08-09T00:00:00+00:00,positive,Red,village-level,Chooralmala,flash_flood,high
E007,8860064e5dfffff,2019-08-09T00:00:00+00:00,positive,Red,village-level,Chooralmala,flash_flood,high
E007,8860064e41fffff,2019-08-09T00:00:00+00:00,positive,Red,village-level,Attamala,flash_flood,high
E007,8860064e43fffff,2019-08-09T00:00:00+00:00,positive,Red,village-level,Attamala,flash_flood,high
E007,8860064e45fffff,2019-08-09T00:00:00+00:00,positive,Red,village-level,Attamala,flash_flood,high
E007,8860064e47fffff,2019-08-09T00:00:00+00:00,positive,Red,village-level,Attamala,flash_flood,high
E007,8860064e49fffff,2019-08-09T00:00:00+00:00,positive,Red,village-level,Attamala,flash_flood,high
E007,8860064e4bfffff,2019-08-09T00:00:00+00:00,positive,Red,village-level,Attamala,flash_flood,high
E007,8860064e4dfffff,2019-08-09T00:00:00+00:00,positive,Red,village-level,Attamala,flash_flood,high
E007,88600640b1fffff,2019-08-09T00:00:00+00:00,positive,Red,village-level,Punjirimattom,flash_flood,high
E007,88600640b3fffff,2019-08-09T00:00:00+00:00,positive,Red,village-level,Punjirimattom,flash_flood,high
E007,88600640b5fffff,2019-08-09T00:00:00+00:00,positive,Red,village-level,Punjirimattom,flash_flood,high
E007,88600640b7fffff,2019-08-09T00:00:00+00:00,positive,Red,village-level,Punjirimattom,flash_flood,high
E007,8860064e4bfffff,2019-08-09T00:00:00+00:00,positive,Red,village-level,Punjirimattom,flash_flood,high
E007,8860064e59fffff,2019-08-09T00:00:00+00:00,positive,Red,village-level,Punjirimattom,flash_flood,high
E007,8860064e5dfffff,2019-08-09T00:00:00+00:00,positive,Red,village-level,Punjirimattom,flash_flood,high
E008,88600640b5fffff,2018-08-17T00:00:00+00:00,positive,Red,village-level,Mundakkai,flash_flood,critical
E008,88600640b7fffff,2018-08-17T00:00:00+00:00,positive,Red,village-level,Mundakkai,flash_flood,critical
E008,8860064e41fffff,2018-08-17T00:00:00+00:00,positive,Red,village-level,Mundakkai,flash_flood,critical
E008,8860064e43fffff,2018-08-17T00:00:00+00:00,positive,Red,village-level,Mundakkai,flash_flood,critical
E008,8860064e49fffff,2018-08-17T00:00:00+00:00,positive,Red,village-level,Mundakkai,flash_flood,critical
E008,8860064e4bfffff,2018-08-17T00:00:00+00:00,positive,Red,village-level,Mundakkai,flash_flood,critical
E008,8860064e5dfffff,2018-08-17T00:00:00+00:00,positive,Red,village-level,Mundakkai,flash_flood,critical
E008,88600640b5fffff,2018-08-17T00:00:00+00:00,positive,Red,village-level,Chooralmala,flash_flood,critical
E008,88600640b7fffff,2018-08-17T00:00:00+00:00,positive,Red,village-level,Chooralmala,flash_flood,critical
E008,8860064e41fffff,2018-08-17T00:00:00+00:00,positive,Red,village-level,Chooralmala,flash_flood,critical
E008,8860064e43fffff,2018-08-17T00:00:00+00:00,positive,Red,village-level,Chooralmala,flash_flood,critical
E008,8860064e49fffff,2018-08-17T00:00:00+00:00,positive,Red,village-level,Chooralmala,flash_flood,critical
E008,8860064e4bfffff,2018-08-17T00:00:00+00:00,positive,Red,village-level,Chooralmala,flash_flood,critical
E008,8860064e5dfffff,2018-08-17T00:00:00+00:00,positive,Red,village-level,Chooralmala,flash_flood,critical
E008,8860064e41fffff,2018-08-17T00:00:00+00:00,positive,Red,village-level,Attamala,flash_flood,critical
E008,8860064e43fffff,2018-08-17T00:00:00+00:00,positive,Red,village-level,Attamala,flash_flood,critical
E008,8860064e45fffff,2018-08-17T00:00:00+00:00,positive,Red,village-level,Attamala,flash_flood,critical
E008,8860064e47fffff,2018-08-17T00:00:00+00:00,positive,Red,village-level,Attamala,flash_flood,critical
E008,8860064e49fffff,2018-08-17T00:00:00+00:00,positive,Red,village-level,Attamala,flash_flood,critical
E008,8860064e4bfffff,2018-08-17T00:00:00+00:00,positive,Red,village-level,Attamala,flash_flood,critical
E008,8860064e4dfffff,2018-08-17T00:00:00+00:00,positive,Red,village-level,Attamala,flash_flood,critical
E008,88600640b1fffff,2018-08-17T00:00:00+00:00,positive,Red,village-level,Punjirimattom,flash_flood,critical
E008,88600640b3fffff,2018-08-17T00:00:00+00:00,positive,Red,village-level,Punjirimattom,flash_flood,critical
E008,88600640b5fffff,2018-08-17T00:00:00+00:00,positive,Red,village-level,Punjirimattom,flash_flood,critical
E008,88600640b7fffff,2018-08-17T00:00:00+00:00,positive,Red,village-level,Punjirimattom,flash_flood,critical
E008,8860064e4bfffff,2018-08-17T00:00:00+00:00,positive,Red,village-level,Punjirimattom,flash_flood,critical
E008,8860064e59fffff,2018-08-17T00:00:00+00:00,positive,Red,village-level,Punjirimattom,flash_flood,critical
E008,8860064e5dfffff,2018-08-17T00:00:00+00:00,positive,Red,village-level,Punjirimattom,flash_flood,critical
E009,88600640b5fffff,2018-08-17T00:00:00+00:00,positive,Red,village-level,Mundakkai,landslide,high
E009,88600640b7fffff,2018-08-17T00:00:00+00:00,positive,Red,village-level,Mundakkai,landslide,high
E009,8860064e41fffff,2018-08-17T00:00:00+00:00,positive,Red,village-level,Mundakkai,landslide,high
E009,8860064e43fffff,2018-08-17T00:00:00+00:00,positive,Red,village-level,Mundakkai,landslide,high
E009,8860064e49fffff,2018-08-17T00:00:00+00:00,positive,Red,village-level,Mundakkai,landslide,high
E009,8860064e4bfffff,2018-08-17T00:00:00+00:00,positive,Red,village-level,Mundakkai,landslide,high
E009,8860064e5dfffff,2018-08-17T00:00:00+00:00,positive,Red,village-level,Mundakkai,landslide,high
E009,88600640b5fffff,2018-08-17T00:00:00+00:00,positive,Red,village-level,Chooralmala,landslide,high
E009,88600640b7fffff,2018-08-17T00:00:00+00:00,positive,Red,village-level,Chooralmala,landslide,high
E009,8860064e41fffff,2018-08-17T00:00:00+00:00,positive,Red,village-level,Chooralmala,landslide,high
E009,8860064e43fffff,2018-08-17T00:00:00+00:00,positive,Red,village-level,Chooralmala,landslide,high
E009,8860064e49fffff,2018-08-17T00:00:00+00:00,positive,Red,village-level,Chooralmala,landslide,high
E009,8860064e4bfffff,2018-08-17T00:00:00+00:00,positive,Red,village-level,Chooralmala,landslide,high
E009,8860064e5dfffff,2018-08-17T00:00:00+00:00,positive,Red,village-level,Chooralmala,landslide,high
E009,8860064e41fffff,2018-08-17T00:00:00+00:00,positive,Red,village-level,Attamala,landslide,high
E009,8860064e43fffff,2018-08-17T00:00:00+00:00,positive,Red,village-level,Attamala,landslide,high
E009,8860064e45fffff,2018-08-17T00:00:00+00:00,positive,Red,village-level,Attamala,landslide,high
E009,8860064e47fffff,2018-08-17T00:00:00+00:00,positive,Red,village-level,Attamala,landslide,high
E009,8860064e49fffff,2018-08-17T00:00:00+00:00,positive,Red,village-level,Attamala,landslide,high
E009,8860064e4bfffff,2018-08-17T00:00:00+00:00,positive,Red,village-level,Attamala,landslide,high
E009,8860064e4dfffff,2018-08-17T00:00:00+00:00,positive,Red,village-level,Attamala,landslide,high
E009,88600640b1fffff,2018-08-17T00:00:00+00:00,positive,Red,village-level,Punjirimattom,landslide,high
E009,88600640b3fffff,2018-08-17T00:00:00+00:00,positive,Red,village-level,Punjirimattom,landslide,high
E009,88600640b5fffff,2018-08-17T00:00:00+00:00,positive,Red,village-level,Punjirimattom,landslide,high
E009,88600640b7fffff,2018-08-17T00:00:00+00:00,positive,Red,village-level,Punjirimattom,landslide,high
E009,8860064e4bfffff,2018-08-17T00:00:00+00:00,positive,Red,village-level,Punjirimattom,landslide,high
E009,8860064e59fffff,2018-08-17T00:00:00+00:00,positive,Red,village-level,Punjirimattom,landslide,high
E009,8860064e5dfffff,2018-08-17T00:00:00+00:00,positive,Red,village-level,Punjirimattom,landslide,high
E010,88600640b5fffff,2021-10-16T00:00:00+00:00,positive,Red,village-level,Mundakkai,flash_flood,high
E010,88600640b7fffff,2021-10-16T00:00:00+00:00,positive,Red,village-level,Mundakkai,flash_flood,high
E010,8860064e41fffff,2021-10-16T00:00:00+00:00,positive,Red,village-level,Mundakkai,flash_flood,high
E010,8860064e43fffff,2021-10-16T00:00:00+00:00,positive,Red,village-level,Mundakkai,flash_flood,high
E010,8860064e49fffff,2021-10-16T00:00:00+00:00,positive,Red,village-level,Mundakkai,flash_flood,high
E010,8860064e4bfffff,2021-10-16T00:00:00+00:00,positive,Red,village-level,Mundakkai,flash_flood,high
E010,8860064e5dfffff,2021-10-16T00:00:00+00:00,positive,Red,village-level,Mundakkai,flash_flood,high
E010,88600640b5fffff,2021-10-16T00:00:00+00:00,positive,Red,village-level,Chooralmala,flash_flood,high
E010,88600640b7fffff,2021-10-16T00:00:00+00:00,positive,Red,village-level,Chooralmala,flash_flood,high
E010,8860064e41fffff,2021-10-16T00:00:00+00:00,positive,Red,village-level,Chooralmala,flash_flood,high
E010,8860064e43fffff,2021-10-16T00:00:00+00:00,positive,Red,village-level,Chooralmala,flash_flood,high
E010,8860064e49fffff,2021-10-16T00:00:00+00:00,positive,Red,village-level,Chooralmala,flash_flood,high
E010,8860064e4bfffff,2021-10-16T00:00:00+00:00,positive,Red,village-level,Chooralmala,flash_flood,high
E010,8860064e5dfffff,2021-10-16T00:00:00+00:00,positive,Red,village-level,Chooralmala,flash_flood,high
E010,8860064e41fffff,2021-10-16T00:00:00+00:00,positive,Red,village-level,Attamala,flash_flood,high
E010,8860064e43fffff,2021-10-16T00:00:00+00:00,positive,Red,village-level,Attamala,flash_flood,high
E010,8860064e45fffff,2021-10-16T00:00:00+00:00,positive,Red,village-level,Attamala,flash_flood,high
E010,8860064e47fffff,2021-10-16T00:00:00+00:00,positive,Red,village-level,Attamala,flash_flood,high
E010,8860064e49fffff,2021-10-16T00:00:00+00:00,positive,Red,village-level,Attamala,flash_flood,high
E010,8860064e4bfffff,2021-10-16T00:00:00+00:00,positive,Red,village-level,Attamala,flash_flood,high
E010,8860064e4dfffff,2021-10-16T00:00:00+00:00,positive,Red,village-level,Attamala,flash_flood,high
E010,88600640b1fffff,2021-10-16T00:00:00+00:00,positive,Red,village-level,Punjirimattom,flash_flood,high
E010,88600640b3fffff,2021-10-16T00:00:00+00:00,positive,Red,village-level,Punjirimattom,flash_flood,high
E010,88600640b5fffff,2021-10-16T00:00:00+00:00,positive,Red,village-level,Punjirimattom,flash_flood,high
E010,88600640b7fffff,2021-10-16T00:00:00+00:00,positive,Red,village-level,Punjirimattom,flash_flood,high
E010,8860064e4bfffff,2021-10-16T00:00:00+00:00,positive,Red,village-level,Punjirimattom,flash_flood,high
E010,8860064e59fffff,2021-10-16T00:00:00+00:00,positive,Red,village-level,Punjirimattom,flash_flood,high
E010,8860064e5dfffff,2021-10-16T00:00:00+00:00,positive,Red,village-level,Punjirimattom,flash_flood,high
E011,88600640b5fffff,2021-10-16T00:00:00+00:00,positive,Red,village-level,Mundakkai,landslide,moderate
E011,88600640b7fffff,2021-10-16T00:00:00+00:00,positive,Red,village-level,Mundakkai,landslide,moderate
E011,8860064e41fffff,2021-10-16T00:00:00+00:00,positive,Red,village-level,Mundakkai,landslide,moderate
E011,8860064e43fffff,2021-10-16T00:00:00+00:00,positive,Red,village-level,Mundakkai,landslide,moderate
E011,8860064e49fffff,2021-10-16T00:00:00+00:00,positive,Red,village-level,Mundakkai,landslide,moderate
E011,8860064e4bfffff,2021-10-16T00:00:00+00:00,positive,Red,village-level,Mundakkai,landslide,moderate
E011,8860064e5dfffff,2021-10-16T00:00:00+00:00,positive,Red,village-level,Mundakkai,landslide,moderate
E011,88600640b5fffff,2021-10-16T00:00:00+00:00,positive,Red,village-level,Chooralmala,landslide,moderate
E011,88600640b7fffff,2021-10-16T00:00:00+00:00,positive,Red,village-level,Chooralmala,landslide,moderate
E011,8860064e41fffff,2021-10-16T00:00:00+00:00,positive,Red,village-level,Chooralmala,landslide,moderate
E011,8860064e43fffff,2021-10-16T00:00:00+00:00,positive,Red,village-level,Chooralmala,landslide,moderate
E011,8860064e49fffff,2021-10-16T00:00:00+00:00,positive,Red,village-level,Chooralmala,landslide,moderate
E011,8860064e4bfffff,2021-10-16T00:00:00+00:00,positive,Red,village-level,Chooralmala,landslide,moderate
E011,8860064e5dfffff,2021-10-16T00:00:00+00:00,positive,Red,village-level,Chooralmala,landslide,moderate
E011,8860064e41fffff,2021-10-16T00:00:00+00:00,positive,Red,village-level,Attamala,landslide,moderate
E011,8860064e43fffff,2021-10-16T00:00:00+00:00,positive,Red,village-level,Attamala,landslide,moderate
E011,8860064e45fffff,2021-10-16T00:00:00+00:00,positive,Red,village-level,Attamala,landslide,moderate
E011,8860064e47fffff,2021-10-16T00:00:00+00:00,positive,Red,village-level,Attamala,landslide,moderate
E011,8860064e49fffff,2021-10-16T00:00:00+00:00,positive,Red,village-level,Attamala,landslide,moderate
E011,8860064e4bfffff,2021-10-16T00:00:00+00:00,positive,Red,village-level,Attamala,landslide,moderate
E011,8860064e4dfffff,2021-10-16T00:00:00+00:00,positive,Red,village-level,Attamala,landslide,moderate
E011,88600640b1fffff,2021-10-16T00:00:00+00:00,positive,Red,village-level,Punjirimattom,landslide,moderate
E011,88600640b3fffff,2021-10-16T00:00:00+00:00,positive,Red,village-level,Punjirimattom,landslide,moderate
E011,88600640b5fffff,2021-10-16T00:00:00+00:00,positive,Red,village-level,Punjirimattom,landslide,moderate
E011,88600640b7fffff,2021-10-16T00:00:00+00:00,positive,Red,village-level,Punjirimattom,landslide,moderate
E011,8860064e4bfffff,2021-10-16T00:00:00+00:00,positive,Red,village-level,Punjirimattom,landslide,moderate
E011,8860064e59fffff,2021-10-16T00:00:00+00:00,positive,Red,village-level,Punjirimattom,landslide,moderate
E011,8860064e5dfffff,2021-10-16T00:00:00+00:00,positive,Red,village-level,Punjirimattom,landslide,moderate
E012,88600640b5fffff,2020-08-07T00:00:00+00:00,positive,Red,village-level,Mundakkai,landslide,high
E012,88600640b7fffff,2020-08-07T00:00:00+00:00,positive,Red,village-level,Mundakkai,landslide,high
E012,8860064e41fffff,2020-08-07T00:00:00+00:00,positive,Red,village-level,Mundakkai,landslide,high
E012,8860064e43fffff,2020-08-07T00:00:00+00:00,positive,Red,village-level,Mundakkai,landslide,high
E012,8860064e49fffff,2020-08-07T00:00:00+00:00,positive,Red,village-level,Mundakkai,landslide,high
E012,8860064e4bfffff,2020-08-07T00:00:00+00:00,positive,Red,village-level,Mundakkai,landslide,high
E012,8860064e5dfffff,2020-08-07T00:00:00+00:00,positive,Red,village-level,Mundakkai,landslide,high
E012,88600640b5fffff,2020-08-07T00:00:00+00:00,positive,Red,village-level,Chooralmala,landslide,high
E012,88600640b7fffff,2020-08-07T00:00:00+00:00,positive,Red,village-level,Chooralmala,landslide,high
E012,8860064e41fffff,2020-08-07T00:00:00+00:00,positive,Red,village-level,Chooralmala,landslide,high
E012,8860064e43fffff,2020-08-07T00:00:00+00:00,positive,Red,village-level,Chooralmala,landslide,high
E012,8860064e49fffff,2020-08-07T00:00:00+00:00,positive,Red,village-level,Chooralmala,landslide,high
E012,8860064e4bfffff,2020-08-07T00:00:00+00:00,positive,Red,village-level,Chooralmala,landslide,high
E012,8860064e5dfffff,2020-08-07T00:00:00+00:00,positive,Red,village-level,Chooralmala,landslide,high
E012,8860064e41fffff,2020-08-07T00:00:00+00:00,positive,Red,village-level,Attamala,landslide,high
E012,8860064e43fffff,2020-08-07T00:00:00+00:00,positive,Red,village-level,Attamala,landslide,high
E012,8860064e45fffff,2020-08-07T00:00:00+00:00,positive,Red,village-level,Attamala,landslide,high
E012,8860064e47fffff,2020-08-07T00:00:00+00:00,positive,Red,village-level,Attamala,landslide,high
E012,8860064e49fffff,2020-08-07T00:00:00+00:00,positive,Red,village-level,Attamala,landslide,high
E012,8860064e4bfffff,2020-08-07T00:00:00+00:00,positive,Red,village-level,Attamala,landslide,high
E012,8860064e4dfffff,2020-08-07T00:00:00+00:00,positive,Red,village-level,Attamala,landslide,high
E012,88600640b1fffff,2020-08-07T00:00:00+00:00,positive,Red,village-level,Punjirimattom,landslide,high
E012,88600640b3fffff,2020-08-07T00:00:00+00:00,positive,Red,village-level,Punjirimattom,landslide,high
E012,88600640b5fffff,2020-08-07T00:00:00+00:00,positive,Red,village-level,Punjirimattom,landslide,high
E012,88600640b7fffff,2020-08-07T00:00:00+00:00,positive,Red,village-level,Punjirimattom,landslide,high
E012,8860064e4bfffff,2020-08-07T00:00:00+00:00,positive,Red,village-level,Punjirimattom,landslide,high
E012,8860064e59fffff,2020-08-07T00:00:00+00:00,positive,Red,village-level,Punjirimattom,landslide,high
E012,8860064e5dfffff,2020-08-07T00:00:00+00:00,positive,Red,village-level,Punjirimattom,landslide,high
E013,88600640b5fffff,2022-10-22T00:00:00+00:00,positive,Red,village-level,Mundakkai,flash_flood,moderate
E013,88600640b7fffff,2022-10-22T00:00:00+00:00,positive,Red,village-level,Mundakkai,flash_flood,moderate
E013,8860064e41fffff,2022-10-22T00:00:00+00:00,positive,Red,village-level,Mundakkai,flash_flood,moderate
E013,8860064e43fffff,2022-10-22T00:00:00+00:00,positive,Red,village-level,Mundakkai,flash_flood,moderate
E013,8860064e49fffff,2022-10-22T00:00:00+00:00,positive,Red,village-level,Mundakkai,flash_flood,moderate
E013,8860064e4bfffff,2022-10-22T00:00:00+00:00,positive,Red,village-level,Mundakkai,flash_flood,moderate
E013,8860064e5dfffff,2022-10-22T00:00:00+00:00,positive,Red,village-level,Mundakkai,flash_flood,moderate
E013,88600640b5fffff,2022-10-22T00:00:00+00:00,positive,Red,village-level,Chooralmala,flash_flood,moderate
E013,88600640b7fffff,2022-10-22T00:00:00+00:00,positive,Red,village-level,Chooralmala,flash_flood,moderate
E013,8860064e41fffff,2022-10-22T00:00:00+00:00,positive,Red,village-level,Chooralmala,flash_flood,moderate
E013,8860064e43fffff,2022-10-22T00:00:00+00:00,positive,Red,village-level,Chooralmala,flash_flood,moderate
E013,8860064e49fffff,2022-10-22T00:00:00+00:00,positive,Red,village-level,Chooralmala,flash_flood,moderate
E013,8860064e4bfffff,2022-10-22T00:00:00+00:00,positive,Red,village-level,Chooralmala,flash_flood,moderate
E013,8860064e5dfffff,2022-10-22T00:00:00+00:00,positive,Red,village-level,Chooralmala,flash_flood,moderate
E013,8860064e41fffff,2022-10-22T00:00:00+00:00,positive,Red,village-level,Attamala,flash_flood,moderate
E013,8860064e43fffff,2022-10-22T00:00:00+00:00,positive,Red,village-level,Attamala,flash_flood,moderate
E013,8860064e45fffff,2022-10-22T00:00:00+00:00,positive,Red,village-level,Attamala,flash_flood,moderate
E013,8860064e47fffff,2022-10-22T00:00:00+00:00,positive,Red,village-level,Attamala,flash_flood,moderate
E013,8860064e49fffff,2022-10-22T00:00:00+00:00,positive,Red,village-level,Attamala,flash_flood,moderate
E013,8860064e4bfffff,2022-10-22T00:00:00+00:00,positive,Red,village-level,Attamala,flash_flood,moderate
E013,8860064e4dfffff,2022-10-22T00:00:00+00:00,positive,Red,village-level,Attamala,flash_flood,moderate
E013,88600640b1fffff,2022-10-22T00:00:00+00:00,positive,Red,village-level,Punjirimattom,flash_flood,moderate
E013,88600640b3fffff,2022-10-22T00:00:00+00:00,positive,Red,village-level,Punjirimattom,flash_flood,moderate
E013,88600640b5fffff,2022-10-22T00:00:00+00:00,positive,Red,village-level,Punjirimattom,flash_flood,moderate
E013,88600640b7fffff,2022-10-22T00:00:00+00:00,positive,Red,village-level,Punjirimattom,flash_flood,moderate
E013,8860064e4bfffff,2022-10-22T00:00:00+00:00,positive,Red,village-level,Punjirimattom,flash_flood,moderate
E013,8860064e59fffff,2022-10-22T00:00:00+00:00,positive,Red,village-level,Punjirimattom,flash_flood,moderate
E013,8860064e5dfffff,2022-10-22T00:00:00+00:00,positive,Red,village-level,Punjirimattom,flash_flood,moderate
E014,88600640b5fffff,2023-07-15T00:00:00+00:00,positive,Red,village-level,Mundakkai,landslide,moderate
E014,88600640b7fffff,2023-07-15T00:00:00+00:00,positive,Red,village-level,Mundakkai,landslide,moderate
E014,8860064e41fffff,2023-07-15T00:00:00+00:00,positive,Red,village-level,Mundakkai,landslide,moderate
E014,8860064e43fffff,2023-07-15T00:00:00+00:00,positive,Red,village-level,Mundakkai,landslide,moderate
E014,8860064e49fffff,2023-07-15T00:00:00+00:00,positive,Red,village-level,Mundakkai,landslide,moderate
E014,8860064e4bfffff,2023-07-15T00:00:00+00:00,positive,Red,village-level,Mundakkai,landslide,moderate
E014,8860064e5dfffff,2023-07-15T00:00:00+00:00,positive,Red,village-level,Mundakkai,landslide,moderate
E014,88600640b5fffff,2023-07-15T00:00:00+00:00,positive,Red,village-level,Chooralmala,landslide,moderate
E014,88600640b7fffff,2023-07-15T00:00:00+00:00,positive,Red,village-level,Chooralmala,landslide,moderate
E014,8860064e41fffff,2023-07-15T00:00:00+00:00,positive,Red,village-level,Chooralmala,landslide,moderate
E014,8860064e43fffff,2023-07-15T00:00:00+00:00,positive,Red,village-level,Chooralmala,landslide,moderate
E014,8860064e49fffff,2023-07-15T00:00:00+00:00,positive,Red,village-level,Chooralmala,landslide,moderate
E014,8860064e4bfffff,2023-07-15T00:00:00+00:00,positive,Red,village-level,Chooralmala,landslide,moderate
E014,8860064e5dfffff,2023-07-15T00:00:00+00:00,positive,Red,village-level,Chooralmala,landslide,moderate
E014,8860064e41fffff,2023-07-15T00:00:00+00:00,positive,Red,village-level,Attamala,landslide,moderate
E014,8860064e43fffff,2023-07-15T00:00:00+00:00,positive,Red,village-level,Attamala,landslide,moderate
E014,8860064e45fffff,2023-07-15T00:00:00+00:00,positive,Red,village-level,Attamala,landslide,moderate
E014,8860064e47fffff,2023-07-15T00:00:00+00:00,positive,Red,village-level,Attamala,landslide,moderate
E014,8860064e49fffff,2023-07-15T00:00:00+00:00,positive,Red,village-level,Attamala,landslide,moderate
E014,8860064e4bfffff,2023-07-15T00:00:00+00:00,positive,Red,village-level,Attamala,landslide,moderate
E014,8860064e4dfffff,2023-07-15T00:00:00+00:00,positive,Red,village-level,Attamala,landslide,moderate
E014,88600640b1fffff,2023-07-15T00:00:00+00:00,positive,Red,village-level,Punjirimattom,landslide,moderate
E014,88600640b3fffff,2023-07-15T00:00:00+00:00,positive,Red,village-level,Punjirimattom,landslide,moderate
E014,88600640b5fffff,2023-07-15T00:00:00+00:00,positive,Red,village-level,Punjirimattom,landslide,moderate
E014,88600640b7fffff,2023-07-15T00:00:00+00:00,positive,Red,village-level,Punjirimattom,landslide,moderate
E014,8860064e4bfffff,2023-07-15T00:00:00+00:00,positive,Red,village-level,Punjirimattom,landslide,moderate
E014,8860064e59fffff,2023-07-15T00:00:00+00:00,positive,Red,village-level,Punjirimattom,landslide,moderate
E014,8860064e5dfffff,2023-07-15T00:00:00+00:00,positive,Red,village-level,Punjirimattom,landslide,moderate
E015,88600640b5fffff,2023-07-15T00:00:00+00:00,positive,Red,village-level,Mundakkai,flash_flood,moderate
E015,88600640b7fffff,2023-07-15T00:00:00+00:00,positive,Red,village-level,Mundakkai,flash_flood,moderate
E015,8860064e41fffff,2023-07-15T00:00:00+00:00,positive,Red,village-level,Mundakkai,flash_flood,moderate
E015,8860064e43fffff,2023-07-15T00:00:00+00:00,positive,Red,village-level,Mundakkai,flash_flood,moderate
E015,8860064e49fffff,2023-07-15T00:00:00+00:00,positive,Red,village-level,Mundakkai,flash_flood,moderate
E015,8860064e4bfffff,2023-07-15T00:00:00+00:00,positive,Red,village-level,Mundakkai,flash_flood,moderate
E015,8860064e5dfffff,2023-07-15T00:00:00+00:00,positive,Red,village-level,Mundakkai,flash_flood,moderate
E015,88600640b5fffff,2023-07-15T00:00:00+00:00,positive,Red,village-level,Chooralmala,flash_flood,moderate
E015,88600640b7fffff,2023-07-15T00:00:00+00:00,positive,Red,village-level,Chooralmala,flash_flood,moderate
E015,8860064e41fffff,2023-07-15T00:00:00+00:00,positive,Red,village-level,Chooralmala,flash_flood,moderate
E015,8860064e43fffff,2023-07-15T00:00:00+00:00,positive,Red,village-level,Chooralmala,flash_flood,moderate
E015,8860064e49fffff,2023-07-15T00:00:00+00:00,positive,Red,village-level,Chooralmala,flash_flood,moderate
E015,8860064e4bfffff,2023-07-15T00:00:00+00:00,positive,Red,village-level,Chooralmala,flash_flood,moderate
E015,8860064e5dfffff,2023-07-15T00:00:00+00:00,positive,Red,village-level,Chooralmala,flash_flood,moderate
E015,8860064e41fffff,2023-07-15T00:00:00+00:00,positive,Red,village-level,Attamala,flash_flood,moderate
E015,8860064e43fffff,2023-07-15T00:00:00+00:00,positive,Red,village-level,Attamala,flash_flood,moderate
E015,8860064e45fffff,2023-07-15T00:00:00+00:00,positive,Red,village-level,Attamala,flash_flood,moderate
E015,8860064e47fffff,2023-07-15T00:00:00+00:00,positive,Red,village-level,Attamala,flash_flood,moderate
E015,8860064e49fffff,2023-07-15T00:00:00+00:00,positive,Red,village-level,Attamala,flash_flood,moderate
E015,8860064e4bfffff,2023-07-15T00:00:00+00:00,positive,Red,village-level,Attamala,flash_flood,moderate
E015,8860064e4dfffff,2023-07-15T00:00:00+00:00,positive,Red,village-level,Attamala,flash_flood,moderate
E015,88600640b1fffff,2023-07-15T00:00:00+00:00,positive,Red,village-level,Punjirimattom,flash_flood,moderate
E015,88600640b3fffff,2023-07-15T00:00:00+00:00,positive,Red,village-level,Punjirimattom,flash_flood,moderate
E015,88600640b5fffff,2023-07-15T00:00:00+00:00,positive,Red,village-level,Punjirimattom,flash_flood,moderate
E015,88600640b7fffff,2023-07-15T00:00:00+00:00,positive,Red,village-level,Punjirimattom,flash_flood,moderate
E015,8860064e4bfffff,2023-07-15T00:00:00+00:00,positive,Red,village-level,Punjirimattom,flash_flood,moderate
E015,8860064e59fffff,2023-07-15T00:00:00+00:00,positive,Red,village-level,Punjirimattom,flash_flood,moderate
E015,8860064e5dfffff,2023-07-15T00:00:00+00:00,positive,Red,village-level,Punjirimattom,flash_flood,moderate
E016,88600640b5fffff,2017-08-15T00:00:00+00:00,positive,Red,village-level,Mundakkai,flash_flood,high
E016,88600640b7fffff,2017-08-15T00:00:00+00:00,positive,Red,village-level,Mundakkai,flash_flood,high
E016,8860064e41fffff,2017-08-15T00:00:00+00:00,positive,Red,village-level,Mundakkai,flash_flood,high
E016,8860064e43fffff,2017-08-15T00:00:00+00:00,positive,Red,village-level,Mundakkai,flash_flood,high
E016,8860064e49fffff,2017-08-15T00:00:00+00:00,positive,Red,village-level,Mundakkai,flash_flood,high
E016,8860064e4bfffff,2017-08-15T00:00:00+00:00,positive,Red,village-level,Mundakkai,flash_flood,high
E016,8860064e5dfffff,2017-08-15T00:00:00+00:00,positive,Red,village-level,Mundakkai,flash_flood,high
E016,88600640b5fffff,2017-08-15T00:00:00+00:00,positive,Red,village-level,Chooralmala,flash_flood,high
E016,88600640b7fffff,2017-08-15T00:00:00+00:00,positive,Red,village-level,Chooralmala,flash_flood,high
E016,8860064e41fffff,2017-08-15T00:00:00+00:00,positive,Red,village-level,Chooralmala,flash_flood,high
E016,8860064e43fffff,2017-08-15T00:00:00+00:00,positive,Red,village-level,Chooralmala,flash_flood,high
E016,8860064e49fffff,2017-08-15T00:00:00+00:00,positive,Red,village-level,Chooralmala,flash_flood,high
E016,8860064e4bfffff,2017-08-15T00:00:00+00:00,positive,Red,village-level,Chooralmala,flash_flood,high
E016,8860064e5dfffff,2017-08-15T00:00:00+00:00,positive,Red,village-level,Chooralmala,flash_flood,high
E016,8860064e41fffff,2017-08-15T00:00:00+00:00,positive,Red,village-level,Attamala,flash_flood,high
E016,8860064e43fffff,2017-08-15T00:00:00+00:00,positive,Red,village-level,Attamala,flash_flood,high
E016,8860064e45fffff,2017-08-15T00:00:00+00:00,positive,Red,village-level,Attamala,flash_flood,high
E016,8860064e47fffff,2017-08-15T00:00:00+00:00,positive,Red,village-level,Attamala,flash_flood,high
E016,8860064e49fffff,2017-08-15T00:00:00+00:00,positive,Red,village-level,Attamala,flash_flood,high
E016,8860064e4bfffff,2017-08-15T00:00:00+00:00,positive,Red,village-level,Attamala,flash_flood,high
E016,8860064e4dfffff,2017-08-15T00:00:00+00:00,positive,Red,village-level,Attamala,flash_flood,high
E016,88600640b1fffff,2017-08-15T00:00:00+00:00,positive,Red,village-level,Punjirimattom,flash_flood,high
E016,88600640b3fffff,2017-08-15T00:00:00+00:00,positive,Red,village-level,Punjirimattom,flash_flood,high
E016,88600640b5fffff,2017-08-15T00:00:00+00:00,positive,Red,village-level,Punjirimattom,flash_flood,high
E016,88600640b7fffff,2017-08-15T00:00:00+00:00,positive,Red,village-level,Punjirimattom,flash_flood,high
E016,8860064e4bfffff,2017-08-15T00:00:00+00:00,positive,Red,village-level,Punjirimattom,flash_flood,high
E016,8860064e59fffff,2017-08-15T00:00:00+00:00,positive,Red,village-level,Punjirimattom,flash_flood,high
E016,8860064e5dfffff,2017-08-15T00:00:00+00:00,positive,Red,village-level,Punjirimattom,flash_flood,high
E017,88600640b5fffff,2013-06-21T00:00:00+00:00,positive,Red,village-level,Mundakkai,landslide,moderate
E017,88600640b7fffff,2013-06-21T00:00:00+00:00,positive,Red,village-level,Mundakkai,landslide,moderate
E017,8860064e41fffff,2013-06-21T00:00:00+00:00,positive,Red,village-level,Mundakkai,landslide,moderate
E017,8860064e43fffff,2013-06-21T00:00:00+00:00,positive,Red,village-level,Mundakkai,landslide,moderate
E017,8860064e49fffff,2013-06-21T00:00:00+00:00,positive,Red,village-level,Mundakkai,landslide,moderate
E017,8860064e4bfffff,2013-06-21T00:00:00+00:00,positive,Red,village-level,Mundakkai,landslide,moderate
E017,8860064e5dfffff,2013-06-21T00:00:00+00:00,positive,Red,village-level,Mundakkai,landslide,moderate
E017,88600640b5fffff,2013-06-21T00:00:00+00:00,positive,Red,village-level,Chooralmala,landslide,moderate
E017,88600640b7fffff,2013-06-21T00:00:00+00:00,positive,Red,village-level,Chooralmala,landslide,moderate
E017,8860064e41fffff,2013-06-21T00:00:00+00:00,positive,Red,village-level,Chooralmala,landslide,moderate
E017,8860064e43fffff,2013-06-21T00:00:00+00:00,positive,Red,village-level,Chooralmala,landslide,moderate
E017,8860064e49fffff,2013-06-21T00:00:00+00:00,positive,Red,village-level,Chooralmala,landslide,moderate
E017,8860064e4bfffff,2013-06-21T00:00:00+00:00,positive,Red,village-level,Chooralmala,landslide,moderate
E017,8860064e5dfffff,2013-06-21T00:00:00+00:00,positive,Red,village-level,Chooralmala,landslide,moderate
E017,8860064e41fffff,2013-06-21T00:00:00+00:00,positive,Red,village-level,Attamala,landslide,moderate
E017,8860064e43fffff,2013-06-21T00:00:00+00:00,positive,Red,village-level,Attamala,landslide,moderate
E017,8860064e45fffff,2013-06-21T00:00:00+00:00,positive,Red,village-level,Attamala,landslide,moderate
E017,8860064e47fffff,2013-06-21T00:00:00+00:00,positive,Red,village-level,Attamala,landslide,moderate
E017,8860064e49fffff,2013-06-21T00:00:00+00:00,positive,Red,village-level,Attamala,landslide,moderate
E017,8860064e4bfffff,2013-06-21T00:00:00+00:00,positive,Red,village-level,Attamala,landslide,moderate
E017,8860064e4dfffff,2013-06-21T00:00:00+00:00,positive,Red,village-level,Attamala,landslide,moderate
E017,88600640b1fffff,2013-06-21T00:00:00+00:00,positive,Red,village-level,Punjirimattom,landslide,moderate
E017,88600640b3fffff,2013-06-21T00:00:00+00:00,positive,Red,village-level,Punjirimattom,landslide,moderate
E017,88600640b5fffff,2013-06-21T00:00:00+00:00,positive,Red,village-level,Punjirimattom,landslide,moderate
E017,88600640b7fffff,2013-06-21T00:00:00+00:00,positive,Red,village-level,Punjirimattom,landslide,moderate
E017,8860064e4bfffff,2013-06-21T00:00:00+00:00,positive,Red,village-level,Punjirimattom,landslide,moderate
E017,8860064e59fffff,2013-06-21T00:00:00+00:00,positive,Red,village-level,Punjirimattom,landslide,moderate
E017,8860064e5dfffff,2013-06-21T00:00:00+00:00,positive,Red,village-level,Punjirimattom,landslide,moderate
E018,88600640b5fffff,2014-08-20T00:00:00+00:00,positive,Red,village-level,Mundakkai,flash_flood,moderate
E018,88600640b7fffff,2014-08-20T00:00:00+00:00,positive,Red,village-level,Mundakkai,flash_flood,moderate
E018,8860064e41fffff,2014-08-20T00:00:00+00:00,positive,Red,village-level,Mundakkai,flash_flood,moderate
E018,8860064e43fffff,2014-08-20T00:00:00+00:00,positive,Red,village-level,Mundakkai,flash_flood,moderate
E018,8860064e49fffff,2014-08-20T00:00:00+00:00,positive,Red,village-level,Mundakkai,flash_flood,moderate
E018,8860064e4bfffff,2014-08-20T00:00:00+00:00,positive,Red,village-level,Mundakkai,flash_flood,moderate
E018,8860064e5dfffff,2014-08-20T00:00:00+00:00,positive,Red,village-level,Mundakkai,flash_flood,moderate
E018,88600640b5fffff,2014-08-20T00:00:00+00:00,positive,Red,village-level,Chooralmala,flash_flood,moderate
E018,88600640b7fffff,2014-08-20T00:00:00+00:00,positive,Red,village-level,Chooralmala,flash_flood,moderate
E018,8860064e41fffff,2014-08-20T00:00:00+00:00,positive,Red,village-level,Chooralmala,flash_flood,moderate
E018,8860064e43fffff,2014-08-20T00:00:00+00:00,positive,Red,village-level,Chooralmala,flash_flood,moderate
E018,8860064e49fffff,2014-08-20T00:00:00+00:00,positive,Red,village-level,Chooralmala,flash_flood,moderate
E018,8860064e4bfffff,2014-08-20T00:00:00+00:00,positive,Red,village-level,Chooralmala,flash_flood,moderate
E018,8860064e5dfffff,2014-08-20T00:00:00+00:00,positive,Red,village-level,Chooralmala,flash_flood,moderate
E018,8860064e41fffff,2014-08-20T00:00:00+00:00,positive,Red,village-level,Attamala,flash_flood,moderate
E018,8860064e43fffff,2014-08-20T00:00:00+00:00,positive,Red,village-level,Attamala,flash_flood,moderate
E018,8860064e45fffff,2014-08-20T00:00:00+00:00,positive,Red,village-level,Attamala,flash_flood,moderate
E018,8860064e47fffff,2014-08-20T00:00:00+00:00,positive,Red,village-level,Attamala,flash_flood,moderate
E018,8860064e49fffff,2014-08-20T00:00:00+00:00,positive,Red,village-level,Attamala,flash_flood,moderate
E018,8860064e4bfffff,2014-08-20T00:00:00+00:00,positive,Red,village-level,Attamala,flash_flood,moderate
E018,8860064e4dfffff,2014-08-20T00:00:00+00:00,positive,Red,village-level,Attamala,flash_flood,moderate
E018,88600640b1fffff,2014-08-20T00:00:00+00:00,positive,Red,village-level,Punjirimattom,flash_flood,moderate
E018,88600640b3fffff,2014-08-20T00:00:00+00:00,positive,Red,village-level,Punjirimattom,flash_flood,moderate
E018,88600640b5fffff,2014-08-20T00:00:00+00:00,positive,Red,village-level,Punjirimattom,flash_flood,moderate
E018,88600640b7fffff,2014-08-20T00:00:00+00:00,positive,Red,village-level,Punjirimattom,flash_flood,moderate
E018,8860064e4bfffff,2014-08-20T00:00:00+00:00,positive,Red,village-level,Punjirimattom,flash_flood,moderate
E018,8860064e59fffff,2014-08-20T00:00:00+00:00,positive,Red,village-level,Punjirimattom,flash_flood,moderate
E018,8860064e5dfffff,2014-08-20T00:00:00+00:00,positive,Red,village-level,Punjirimattom,flash_flood,moderate
E019,88600640b5fffff,2015-11-18T00:00:00+00:00,positive,Red,village-level,Mundakkai,flash_flood,low
E019,88600640b7fffff,2015-11-18T00:00:00+00:00,positive,Red,village-level,Mundakkai,flash_flood,low
E019,8860064e41fffff,2015-11-18T00:00:00+00:00,positive,Red,village-level,Mundakkai,flash_flood,low
E019,8860064e43fffff,2015-11-18T00:00:00+00:00,positive,Red,village-level,Mundakkai,flash_flood,low
E019,8860064e49fffff,2015-11-18T00:00:00+00:00,positive,Red,village-level,Mundakkai,flash_flood,low
E019,8860064e4bfffff,2015-11-18T00:00:00+00:00,positive,Red,village-level,Mundakkai,flash_flood,low
E019,8860064e5dfffff,2015-11-18T00:00:00+00:00,positive,Red,village-level,Mundakkai,flash_flood,low
E019,88600640b5fffff,2015-11-18T00:00:00+00:00,positive,Red,village-level,Chooralmala,flash_flood,low
E019,88600640b7fffff,2015-11-18T00:00:00+00:00,positive,Red,village-level,Chooralmala,flash_flood,low
E019,8860064e41fffff,2015-11-18T00:00:00+00:00,positive,Red,village-level,Chooralmala,flash_flood,low
E019,8860064e43fffff,2015-11-18T00:00:00+00:00,positive,Red,village-level,Chooralmala,flash_flood,low
E019,8860064e49fffff,2015-11-18T00:00:00+00:00,positive,Red,village-level,Chooralmala,flash_flood,low
E019,8860064e4bfffff,2015-11-18T00:00:00+00:00,positive,Red,village-level,Chooralmala,flash_flood,low
E019,8860064e5dfffff,2015-11-18T00:00:00+00:00,positive,Red,village-level,Chooralmala,flash_flood,low
E019,8860064e41fffff,2015-11-18T00:00:00+00:00,positive,Red,village-level,Attamala,flash_flood,low
E019,8860064e43fffff,2015-11-18T00:00:00+00:00,positive,Red,village-level,Attamala,flash_flood,low
E019,8860064e45fffff,2015-11-18T00:00:00+00:00,positive,Red,village-level,Attamala,flash_flood,low
E019,8860064e47fffff,2015-11-18T00:00:00+00:00,positive,Red,village-level,Attamala,flash_flood,low
E019,8860064e49fffff,2015-11-18T00:00:00+00:00,positive,Red,village-level,Attamala,flash_flood,low
E019,8860064e4bfffff,2015-11-18T00:00:00+00:00,positive,Red,village-level,Attamala,flash_flood,low
E019,8860064e4dfffff,2015-11-18T00:00:00+00:00,positive,Red,village-level,Attamala,flash_flood,low
E019,88600640b1fffff,2015-11-18T00:00:00+00:00,positive,Red,village-level,Punjirimattom,flash_flood,low
E019,88600640b3fffff,2015-11-18T00:00:00+00:00,positive,Red,village-level,Punjirimattom,flash_flood,low
E019,88600640b5fffff,2015-11-18T00:00:00+00:00,positive,Red,village-level,Punjirimattom,flash_flood,low
E019,88600640b7fffff,2015-11-18T00:00:00+00:00,positive,Red,village-level,Punjirimattom,flash_flood,low
E019,8860064e4bfffff,2015-11-18T00:00:00+00:00,positive,Red,village-level,Punjirimattom,flash_flood,low
E019,8860064e59fffff,2015-11-18T00:00:00+00:00,positive,Red,village-level,Punjirimattom,flash_flood,low
E019,8860064e5dfffff,2015-11-18T00:00:00+00:00,positive,Red,village-level,Punjirimattom,flash_flood,low
E020,88600640b5fffff,2016-06-05T00:00:00+00:00,positive,Red,village-level,Mundakkai,landslide,moderate
E020,88600640b7fffff,2016-06-05T00:00:00+00:00,positive,Red,village-level,Mundakkai,landslide,moderate
E020,8860064e41fffff,2016-06-05T00:00:00+00:00,positive,Red,village-level,Mundakkai,landslide,moderate
E020,8860064e43fffff,2016-06-05T00:00:00+00:00,positive,Red,village-level,Mundakkai,landslide,moderate
E020,8860064e49fffff,2016-06-05T00:00:00+00:00,positive,Red,village-level,Mundakkai,landslide,moderate
E020,8860064e4bfffff,2016-06-05T00:00:00+00:00,positive,Red,village-level,Mundakkai,landslide,moderate
E020,8860064e5dfffff,2016-06-05T00:00:00+00:00,positive,Red,village-level,Mundakkai,landslide,moderate
E020,88600640b5fffff,2016-06-05T00:00:00+00:00,positive,Red,village-level,Chooralmala,landslide,moderate
E020,88600640b7fffff,2016-06-05T00:00:00+00:00,positive,Red,village-level,Chooralmala,landslide,moderate
E020,8860064e41fffff,2016-06-05T00:00:00+00:00,positive,Red,village-level,Chooralmala,landslide,moderate
E020,8860064e43fffff,2016-06-05T00:00:00+00:00,positive,Red,village-level,Chooralmala,landslide,moderate
E020,8860064e49fffff,2016-06-05T00:00:00+00:00,positive,Red,village-level,Chooralmala,landslide,moderate
E020,8860064e4bfffff,2016-06-05T00:00:00+00:00,positive,Red,village-level,Chooralmala,landslide,moderate
E020,8860064e5dfffff,2016-06-05T00:00:00+00:00,positive,Red,village-level,Chooralmala,landslide,moderate
E020,8860064e41fffff,2016-06-05T00:00:00+00:00,positive,Red,village-level,Attamala,landslide,moderate
E020,8860064e43fffff,2016-06-05T00:00:00+00:00,positive,Red,village-level,Attamala,landslide,moderate
E020,8860064e45fffff,2016-06-05T00:00:00+00:00,positive,Red,village-level,Attamala,landslide,moderate
E020,8860064e47fffff,2016-06-05T00:00:00+00:00,positive,Red,village-level,Attamala,landslide,moderate
E020,8860064e49fffff,2016-06-05T00:00:00+00:00,positive,Red,village-level,Attamala,landslide,moderate
E020,8860064e4bfffff,2016-06-05T00:00:00+00:00,positive,Red,village-level,Attamala,landslide,moderate
E020,8860064e4dfffff,2016-06-05T00:00:00+00:00,positive,Red,village-level,Attamala,landslide,moderate
E020,88600640b1fffff,2016-06-05T00:00:00+00:00,positive,Red,village-level,Punjirimattom,landslide,moderate
E020,88600640b3fffff,2016-06-05T00:00:00+00:00,positive,Red,village-level,Punjirimattom,landslide,moderate
E020,88600640b5fffff,2016-06-05T00:00:00+00:00,positive,Red,village-level,Punjirimattom,landslide,moderate
E020,88600640b7fffff,2016-06-05T00:00:00+00:00,positive,Red,village-level,Punjirimattom,landslide,moderate
E020,8860064e4bfffff,2016-06-05T00:00:00+00:00,positive,Red,village-level,Punjirimattom,landslide,moderate
E020,8860064e59fffff,2016-06-05T00:00:00+00:00,positive,Red,village-level,Punjirimattom,landslide,moderate
E020,8860064e5dfffff,2016-06-05T00:00:00+00:00,positive,Red,village-level,Punjirimattom,landslide,moderate
E021,88600640b5fffff,2009-08-25T00:00:00+00:00,positive,Red,village-level,Mundakkai,landslide,high
E021,88600640b7fffff,2009-08-25T00:00:00+00:00,positive,Red,village-level,Mundakkai,landslide,high
E021,8860064e41fffff,2009-08-25T00:00:00+00:00,positive,Red,village-level,Mundakkai,landslide,high
E021,8860064e43fffff,2009-08-25T00:00:00+00:00,positive,Red,village-level,Mundakkai,landslide,high
E021,8860064e49fffff,2009-08-25T00:00:00+00:00,positive,Red,village-level,Mundakkai,landslide,high
E021,8860064e4bfffff,2009-08-25T00:00:00+00:00,positive,Red,village-level,Mundakkai,landslide,high
E021,8860064e5dfffff,2009-08-25T00:00:00+00:00,positive,Red,village-level,Mundakkai,landslide,high
E021,88600640b5fffff,2009-08-25T00:00:00+00:00,positive,Red,village-level,Chooralmala,landslide,high
E021,88600640b7fffff,2009-08-25T00:00:00+00:00,positive,Red,village-level,Chooralmala,landslide,high
E021,8860064e41fffff,2009-08-25T00:00:00+00:00,positive,Red,village-level,Chooralmala,landslide,high
E021,8860064e43fffff,2009-08-25T00:00:00+00:00,positive,Red,village-level,Chooralmala,landslide,high
E021,8860064e49fffff,2009-08-25T00:00:00+00:00,positive,Red,village-level,Chooralmala,landslide,high
E021,8860064e4bfffff,2009-08-25T00:00:00+00:00,positive,Red,village-level,Chooralmala,landslide,high
E021,8860064e5dfffff,2009-08-25T00:00:00+00:00,positive,Red,village-level,Chooralmala,landslide,high
E021,8860064e41fffff,2009-08-25T00:00:00+00:00,positive,Red,village-level,Attamala,landslide,high
E021,8860064e43fffff,2009-08-25T00:00:00+00:00,positive,Red,village-level,Attamala,landslide,high
E021,8860064e45fffff,2009-08-25T00:00:00+00:00,positive,Red,village-level,Attamala,landslide,high
E021,8860064e47fffff,2009-08-25T00:00:00+00:00,positive,Red,village-level,Attamala,landslide,high
E021,8860064e49fffff,2009-08-25T00:00:00+00:00,positive,Red,village-level,Attamala,landslide,high
E021,8860064e4bfffff,2009-08-25T00:00:00+00:00,positive,Red,village-level,Attamala,landslide,high
E021,8860064e4dfffff,2009-08-25T00:00:00+00:00,positive,Red,village-level,Attamala,landslide,high
E021,88600640b1fffff,2009-08-25T00:00:00+00:00,positive,Red,village-level,Punjirimattom,landslide,high
E021,88600640b3fffff,2009-08-25T00:00:00+00:00,positive,Red,village-level,Punjirimattom,landslide,high
E021,88600640b5fffff,2009-08-25T00:00:00+00:00,positive,Red,village-level,Punjirimattom,landslide,high
E021,88600640b7fffff,2009-08-25T00:00:00+00:00,positive,Red,village-level,Punjirimattom,landslide,high
E021,8860064e4bfffff,2009-08-25T00:00:00+00:00,positive,Red,village-level,Punjirimattom,landslide,high
E021,8860064e59fffff,2009-08-25T00:00:00+00:00,positive,Red,village-level,Punjirimattom,landslide,high
E021,8860064e5dfffff,2009-08-25T00:00:00+00:00,positive,Red,village-level,Punjirimattom,landslide,high
E022,88600640b5fffff,2010-09-12T00:00:00+00:00,positive,Red,village-level,Mundakkai,flash_flood,moderate
E022,88600640b7fffff,2010-09-12T00:00:00+00:00,positive,Red,village-level,Mundakkai,flash_flood,moderate
E022,8860064e41fffff,2010-09-12T00:00:00+00:00,positive,Red,village-level,Mundakkai,flash_flood,moderate
E022,8860064e43fffff,2010-09-12T00:00:00+00:00,positive,Red,village-level,Mundakkai,flash_flood,moderate
E022,8860064e49fffff,2010-09-12T00:00:00+00:00,positive,Red,village-level,Mundakkai,flash_flood,moderate
E022,8860064e4bfffff,2010-09-12T00:00:00+00:00,positive,Red,village-level,Mundakkai,flash_flood,moderate
E022,8860064e5dfffff,2010-09-12T00:00:00+00:00,positive,Red,village-level,Mundakkai,flash_flood,moderate
E022,88600640b5fffff,2010-09-12T00:00:00+00:00,positive,Red,village-level,Chooralmala,flash_flood,moderate
E022,88600640b7fffff,2010-09-12T00:00:00+00:00,positive,Red,village-level,Chooralmala,flash_flood,moderate
E022,8860064e41fffff,2010-09-12T00:00:00+00:00,positive,Red,village-level,Chooralmala,flash_flood,moderate
E022,8860064e43fffff,2010-09-12T00:00:00+00:00,positive,Red,village-level,Chooralmala,flash_flood,moderate
E022,8860064e49fffff,2010-09-12T00:00:00+00:00,positive,Red,village-level,Chooralmala,flash_flood,moderate
E022,8860064e4bfffff,2010-09-12T00:00:00+00:00,positive,Red,village-level,Chooralmala,flash_flood,moderate
E022,8860064e5dfffff,2010-09-12T00:00:00+00:00,positive,Red,village-level,Chooralmala,flash_flood,moderate
E022,8860064e41fffff,2010-09-12T00:00:00+00:00,positive,Red,village-level,Attamala,flash_flood,moderate
E022,8860064e43fffff,2010-09-12T00:00:00+00:00,positive,Red,village-level,Attamala,flash_flood,moderate
E022,8860064e45fffff,2010-09-12T00:00:00+00:00,positive,Red,village-level,Attamala,flash_flood,moderate
E022,8860064e47fffff,2010-09-12T00:00:00+00:00,positive,Red,village-level,Attamala,flash_flood,moderate
E022,8860064e49fffff,2010-09-12T00:00:00+00:00,positive,Red,village-level,Attamala,flash_flood,moderate
E022,8860064e4bfffff,2010-09-12T00:00:00+00:00,positive,Red,village-level,Attamala,flash_flood,moderate
E022,8860064e4dfffff,2010-09-12T00:00:00+00:00,positive,Red,village-level,Attamala,flash_flood,moderate
E022,88600640b1fffff,2010-09-12T00:00:00+00:00,positive,Red,village-level,Punjirimattom,flash_flood,moderate
E022,88600640b3fffff,2010-09-12T00:00:00+00:00,positive,Red,village-level,Punjirimattom,flash_flood,moderate
E022,88600640b5fffff,2010-09-12T00:00:00+00:00,positive,Red,village-level,Punjirimattom,flash_flood,moderate
E022,88600640b7fffff,2010-09-12T00:00:00+00:00,positive,Red,village-level,Punjirimattom,flash_flood,moderate
E022,8860064e4bfffff,2010-09-12T00:00:00+00:00,positive,Red,village-level,Punjirimattom,flash_flood,moderate
E022,8860064e59fffff,2010-09-12T00:00:00+00:00,positive,Red,village-level,Punjirimattom,flash_flood,moderate
E022,8860064e5dfffff,2010-09-12T00:00:00+00:00,positive,Red,village-level,Punjirimattom,flash_flood,moderate
E023,88600640b5fffff,2011-08-02T00:00:00+00:00,positive,Red,village-level,Mundakkai,landslide,moderate
E023,88600640b7fffff,2011-08-02T00:00:00+00:00,positive,Red,village-level,Mundakkai,landslide,moderate
E023,8860064e41fffff,2011-08-02T00:00:00+00:00,positive,Red,village-level,Mundakkai,landslide,moderate
E023,8860064e43fffff,2011-08-02T00:00:00+00:00,positive,Red,village-level,Mundakkai,landslide,moderate
E023,8860064e49fffff,2011-08-02T00:00:00+00:00,positive,Red,village-level,Mundakkai,landslide,moderate
E023,8860064e4bfffff,2011-08-02T00:00:00+00:00,positive,Red,village-level,Mundakkai,landslide,moderate
E023,8860064e5dfffff,2011-08-02T00:00:00+00:00,positive,Red,village-level,Mundakkai,landslide,moderate
E023,88600640b5fffff,2011-08-02T00:00:00+00:00,positive,Red,village-level,Chooralmala,landslide,moderate
E023,88600640b7fffff,2011-08-02T00:00:00+00:00,positive,Red,village-level,Chooralmala,landslide,moderate
E023,8860064e41fffff,2011-08-02T00:00:00+00:00,positive,Red,village-level,Chooralmala,landslide,moderate
E023,8860064e43fffff,2011-08-02T00:00:00+00:00,positive,Red,village-level,Chooralmala,landslide,moderate
E023,8860064e49fffff,2011-08-02T00:00:00+00:00,positive,Red,village-level,Chooralmala,landslide,moderate
E023,8860064e4bfffff,2011-08-02T00:00:00+00:00,positive,Red,village-level,Chooralmala,landslide,moderate
E023,8860064e5dfffff,2011-08-02T00:00:00+00:00,positive,Red,village-level,Chooralmala,landslide,moderate
E023,8860064e41fffff,2011-08-02T00:00:00+00:00,positive,Red,village-level,Attamala,landslide,moderate
E023,8860064e43fffff,2011-08-02T00:00:00+00:00,positive,Red,village-level,Attamala,landslide,moderate
E023,8860064e45fffff,2011-08-02T00:00:00+00:00,positive,Red,village-level,Attamala,landslide,moderate
E023,8860064e47fffff,2011-08-02T00:00:00+00:00,positive,Red,village-level,Attamala,landslide,moderate
E023,8860064e49fffff,2011-08-02T00:00:00+00:00,positive,Red,village-level,Attamala,landslide,moderate
E023,8860064e4bfffff,2011-08-02T00:00:00+00:00,positive,Red,village-level,Attamala,landslide,moderate
E023,8860064e4dfffff,2011-08-02T00:00:00+00:00,positive,Red,village-level,Attamala,landslide,moderate
E023,88600640b1fffff,2011-08-02T00:00:00+00:00,positive,Red,village-level,Punjirimattom,landslide,moderate
E023,88600640b3fffff,2011-08-02T00:00:00+00:00,positive,Red,village-level,Punjirimattom,landslide,moderate
E023,88600640b5fffff,2011-08-02T00:00:00+00:00,positive,Red,village-level,Punjirimattom,landslide,moderate
E023,88600640b7fffff,2011-08-02T00:00:00+00:00,positive,Red,village-level,Punjirimattom,landslide,moderate
E023,8860064e4bfffff,2011-08-02T00:00:00+00:00,positive,Red,village-level,Punjirimattom,landslide,moderate
E023,8860064e59fffff,2011-08-02T00:00:00+00:00,positive,Red,village-level,Punjirimattom,landslide,moderate
E023,8860064e5dfffff,2011-08-02T00:00:00+00:00,positive,Red,village-level,Punjirimattom,landslide,moderate
E024,88600640b5fffff,2012-09-28T00:00:00+00:00,positive,Red,village-level,Mundakkai,flash_flood,moderate
E024,88600640b7fffff,2012-09-28T00:00:00+00:00,positive,Red,village-level,Mundakkai,flash_flood,moderate
E024,8860064e41fffff,2012-09-28T00:00:00+00:00,positive,Red,village-level,Mundakkai,flash_flood,moderate
E024,8860064e43fffff,2012-09-28T00:00:00+00:00,positive,Red,village-level,Mundakkai,flash_flood,moderate
E024,8860064e49fffff,2012-09-28T00:00:00+00:00,positive,Red,village-level,Mundakkai,flash_flood,moderate
E024,8860064e4bfffff,2012-09-28T00:00:00+00:00,positive,Red,village-level,Mundakkai,flash_flood,moderate
E024,8860064e5dfffff,2012-09-28T00:00:00+00:00,positive,Red,village-level,Mundakkai,flash_flood,moderate
E024,88600640b5fffff,2012-09-28T00:00:00+00:00,positive,Red,village-level,Chooralmala,flash_flood,moderate
E024,88600640b7fffff,2012-09-28T00:00:00+00:00,positive,Red,village-level,Chooralmala,flash_flood,moderate
E024,8860064e41fffff,2012-09-28T00:00:00+00:00,positive,Red,village-level,Chooralmala,flash_flood,moderate
E024,8860064e43fffff,2012-09-28T00:00:00+00:00,positive,Red,village-level,Chooralmala,flash_flood,moderate
E024,8860064e49fffff,2012-09-28T00:00:00+00:00,positive,Red,village-level,Chooralmala,flash_flood,moderate
E024,8860064e4bfffff,2012-09-28T00:00:00+00:00,positive,Red,village-level,Chooralmala,flash_flood,moderate
E024,8860064e5dfffff,2012-09-28T00:00:00+00:00,positive,Red,village-level,Chooralmala,flash_flood,moderate
E024,8860064e41fffff,2012-09-28T00:00:00+00:00,positive,Red,village-level,Attamala,flash_flood,moderate
E024,8860064e43fffff,2012-09-28T00:00:00+00:00,positive,Red,village-level,Attamala,flash_flood,moderate
E024,8860064e45fffff,2012-09-28T00:00:00+00:00,positive,Red,village-level,Attamala,flash_flood,moderate
E024,8860064e47fffff,2012-09-28T00:00:00+00:00,positive,Red,village-level,Attamala,flash_flood,moderate
E024,8860064e49fffff,2012-09-28T00:00:00+00:00,positive,Red,village-level,Attamala,flash_flood,moderate
E024,8860064e4bfffff,2012-09-28T00:00:00+00:00,positive,Red,village-level,Attamala,flash_flood,moderate
E024,8860064e4dfffff,2012-09-28T00:00:00+00:00,positive,Red,village-level,Attamala,flash_flood,moderate
E024,88600640b1fffff,2012-09-28T00:00:00+00:00,positive,Red,village-level,Punjirimattom,flash_flood,moderate
E024,88600640b3fffff,2012-09-28T00:00:00+00:00,positive,Red,village-level,Punjirimattom,flash_flood,moderate
E024,88600640b5fffff,2012-09-28T00:00:00+00:00,positive,Red,village-level,Punjirimattom,flash_flood,moderate
E024,88600640b7fffff,2012-09-28T00:00:00+00:00,positive,Red,village-level,Punjirimattom,flash_flood,moderate
E024,8860064e4bfffff,2012-09-28T00:00:00+00:00,positive,Red,village-level,Punjirimattom,flash_flood,moderate
E024,8860064e59fffff,2012-09-28T00:00:00+00:00,positive,Red,village-level,Punjirimattom,flash_flood,moderate
E024,8860064e5dfffff,2012-09-28T00:00:00+00:00,positive,Red,village-level,Punjirimattom,flash_flood,moderate
E025,88600640b5fffff,2020-10-15T00:00:00+00:00,positive,Red,village-level,Mundakkai,flash_flood,moderate
E025,88600640b7fffff,2020-10-15T00:00:00+00:00,positive,Red,village-level,Mundakkai,flash_flood,moderate
E025,8860064e41fffff,2020-10-15T00:00:00+00:00,positive,Red,village-level,Mundakkai,flash_flood,moderate
E025,8860064e43fffff,2020-10-15T00:00:00+00:00,positive,Red,village-level,Mundakkai,flash_flood,moderate
E025,8860064e49fffff,2020-10-15T00:00:00+00:00,positive,Red,village-level,Mundakkai,flash_flood,moderate
E025,8860064e4bfffff,2020-10-15T00:00:00+00:00,positive,Red,village-level,Mundakkai,flash_flood,moderate
E025,8860064e5dfffff,2020-10-15T00:00:00+00:00,positive,Red,village-level,Mundakkai,flash_flood,moderate
E025,88600640b5fffff,2020-10-15T00:00:00+00:00,positive,Red,village-level,Chooralmala,flash_flood,moderate
E025,88600640b7fffff,2020-10-15T00:00:00+00:00,positive,Red,village-level,Chooralmala,flash_flood,moderate
E025,8860064e41fffff,2020-10-15T00:00:00+00:00,positive,Red,village-level,Chooralmala,flash_flood,moderate
E025,8860064e43fffff,2020-10-15T00:00:00+00:00,positive,Red,village-level,Chooralmala,flash_flood,moderate
E025,8860064e49fffff,2020-10-15T00:00:00+00:00,positive,Red,village-level,Chooralmala,flash_flood,moderate
E025,8860064e4bfffff,2020-10-15T00:00:00+00:00,positive,Red,village-level,Chooralmala,flash_flood,moderate
E025,8860064e5dfffff,2020-10-15T00:00:00+00:00,positive,Red,village-level,Chooralmala,flash_flood,moderate
E025,8860064e41fffff,2020-10-15T00:00:00+00:00,positive,Red,village-level,Attamala,flash_flood,moderate
E025,8860064e43fffff,2020-10-15T00:00:00+00:00,positive,Red,village-level,Attamala,flash_flood,moderate
E025,8860064e45fffff,2020-10-15T00:00:00+00:00,positive,Red,village-level,Attamala,flash_flood,moderate
E025,8860064e47fffff,2020-10-15T00:00:00+00:00,positive,Red,village-level,Attamala,flash_flood,moderate
E025,8860064e49fffff,2020-10-15T00:00:00+00:00,positive,Red,village-level,Attamala,flash_flood,moderate
E025,8860064e4bfffff,2020-10-15T00:00:00+00:00,positive,Red,village-level,Attamala,flash_flood,moderate
E025,8860064e4dfffff,2020-10-15T00:00:00+00:00,positive,Red,village-level,Attamala,flash_flood,moderate
E025,88600640b1fffff,2020-10-15T00:00:00+00:00,positive,Red,village-level,Punjirimattom,flash_flood,moderate
E025,88600640b3fffff,2020-10-15T00:00:00+00:00,positive,Red,village-level,Punjirimattom,flash_flood,moderate
E025,88600640b5fffff,2020-10-15T00:00:00+00:00,positive,Red,village-level,Punjirimattom,flash_flood,moderate
E025,88600640b7fffff,2020-10-15T00:00:00+00:00,positive,Red,village-level,Punjirimattom,flash_flood,moderate
E025,8860064e4bfffff,2020-10-15T00:00:00+00:00,positive,Red,village-level,Punjirimattom,flash_flood,moderate
E025,8860064e59fffff,2020-10-15T00:00:00+00:00,positive,Red,village-level,Punjirimattom,flash_flood,moderate
E025,8860064e5dfffff,2020-10-15T00:00:00+00:00,positive,Red,village-level,Punjirimattom,flash_flood,moderate
E026,88600640b5fffff,2022-08-04T00:00:00+00:00,positive,Red,village-level,Mundakkai,landslide,moderate
E026,88600640b7fffff,2022-08-04T00:00:00+00:00,positive,Red,village-level,Mundakkai,landslide,moderate
E026,8860064e41fffff,2022-08-04T00:00:00+00:00,positive,Red,village-level,Mundakkai,landslide,moderate
E026,8860064e43fffff,2022-08-04T00:00:00+00:00,positive,Red,village-level,Mundakkai,landslide,moderate
E026,8860064e49fffff,2022-08-04T00:00:00+00:00,positive,Red,village-level,Mundakkai,landslide,moderate
E026,8860064e4bfffff,2022-08-04T00:00:00+00:00,positive,Red,village-level,Mundakkai,landslide,moderate
E026,8860064e5dfffff,2022-08-04T00:00:00+00:00,positive,Red,village-level,Mundakkai,landslide,moderate
E026,88600640b5fffff,2022-08-04T00:00:00+00:00,positive,Red,village-level,Chooralmala,landslide,moderate
E026,88600640b7fffff,2022-08-04T00:00:00+00:00,positive,Red,village-level,Chooralmala,landslide,moderate
E026,8860064e41fffff,2022-08-04T00:00:00+00:00,positive,Red,village-level,Chooralmala,landslide,moderate
E026,8860064e43fffff,2022-08-04T00:00:00+00:00,positive,Red,village-level,Chooralmala,landslide,moderate
E026,8860064e49fffff,2022-08-04T00:00:00+00:00,positive,Red,village-level,Chooralmala,landslide,moderate
E026,8860064e4bfffff,2022-08-04T00:00:00+00:00,positive,Red,village-level,Chooralmala,landslide,moderate
E026,8860064e5dfffff,2022-08-04T00:00:00+00:00,positive,Red,village-level,Chooralmala,landslide,moderate
E026,8860064e41fffff,2022-08-04T00:00:00+00:00,positive,Red,village-level,Attamala,landslide,moderate
E026,8860064e43fffff,2022-08-04T00:00:00+00:00,positive,Red,village-level,Attamala,landslide,moderate
E026,8860064e45fffff,2022-08-04T00:00:00+00:00,positive,Red,village-level,Attamala,landslide,moderate
E026,8860064e47fffff,2022-08-04T00:00:00+00:00,positive,Red,village-level,Attamala,landslide,moderate
E026,8860064e49fffff,2022-08-04T00:00:00+00:00,positive,Red,village-level,Attamala,landslide,moderate
E026,8860064e4bfffff,2022-08-04T00:00:00+00:00,positive,Red,village-level,Attamala,landslide,moderate
E026,8860064e4dfffff,2022-08-04T00:00:00+00:00,positive,Red,village-level,Attamala,landslide,moderate
E026,88600640b1fffff,2022-08-04T00:00:00+00:00,positive,Red,village-level,Punjirimattom,landslide,moderate
E026,88600640b3fffff,2022-08-04T00:00:00+00:00,positive,Red,village-level,Punjirimattom,landslide,moderate
E026,88600640b5fffff,2022-08-04T00:00:00+00:00,positive,Red,village-level,Punjirimattom,landslide,moderate
E026,88600640b7fffff,2022-08-04T00:00:00+00:00,positive,Red,village-level,Punjirimattom,landslide,moderate
E026,8860064e4bfffff,2022-08-04T00:00:00+00:00,positive,Red,village-level,Punjirimattom,landslide,moderate
E026,8860064e59fffff,2022-08-04T00:00:00+00:00,positive,Red,village-level,Punjirimattom,landslide,moderate
E026,8860064e5dfffff,2022-08-04T00:00:00+00:00,positive,Red,village-level,Punjirimattom,landslide,moderate
E027,88600640b5fffff,2023-08-24T00:00:00+00:00,positive,Red,village-level,Mundakkai,flash_flood,moderate
E027,88600640b7fffff,2023-08-24T00:00:00+00:00,positive,Red,village-level,Mundakkai,flash_flood,moderate
E027,8860064e41fffff,2023-08-24T00:00:00+00:00,positive,Red,village-level,Mundakkai,flash_flood,moderate
E027,8860064e43fffff,2023-08-24T00:00:00+00:00,positive,Red,village-level,Mundakkai,flash_flood,moderate
E027,8860064e49fffff,2023-08-24T00:00:00+00:00,positive,Red,village-level,Mundakkai,flash_flood,moderate
E027,8860064e4bfffff,2023-08-24T00:00:00+00:00,positive,Red,village-level,Mundakkai,flash_flood,moderate
E027,8860064e5dfffff,2023-08-24T00:00:00+00:00,positive,Red,village-level,Mundakkai,flash_flood,moderate
E027,88600640b5fffff,2023-08-24T00:00:00+00:00,positive,Red,village-level,Chooralmala,flash_flood,moderate
E027,88600640b7fffff,2023-08-24T00:00:00+00:00,positive,Red,village-level,Chooralmala,flash_flood,moderate
E027,8860064e41fffff,2023-08-24T00:00:00+00:00,positive,Red,village-level,Chooralmala,flash_flood,moderate
E027,8860064e43fffff,2023-08-24T00:00:00+00:00,positive,Red,village-level,Chooralmala,flash_flood,moderate
E027,8860064e49fffff,2023-08-24T00:00:00+00:00,positive,Red,village-level,Chooralmala,flash_flood,moderate
E027,8860064e4bfffff,2023-08-24T00:00:00+00:00,positive,Red,village-level,Chooralmala,flash_flood,moderate
E027,8860064e5dfffff,2023-08-24T00:00:00+00:00,positive,Red,village-level,Chooralmala,flash_flood,moderate
E027,8860064e41fffff,2023-08-24T00:00:00+00:00,positive,Red,village-level,Attamala,flash_flood,moderate
E027,8860064e43fffff,2023-08-24T00:00:00+00:00,positive,Red,village-level,Attamala,flash_flood,moderate
E027,8860064e45fffff,2023-08-24T00:00:00+00:00,positive,Red,village-level,Attamala,flash_flood,moderate
E027,8860064e47fffff,2023-08-24T00:00:00+00:00,positive,Red,village-level,Attamala,flash_flood,moderate
E027,8860064e49fffff,2023-08-24T00:00:00+00:00,positive,Red,village-level,Attamala,flash_flood,moderate
E027,8860064e4bfffff,2023-08-24T00:00:00+00:00,positive,Red,village-level,Attamala,flash_flood,moderate
E027,8860064e4dfffff,2023-08-24T00:00:00+00:00,positive,Red,village-level,Attamala,flash_flood,moderate
E027,88600640b1fffff,2023-08-24T00:00:00+00:00,positive,Red,village-level,Punjirimattom,flash_flood,moderate
E027,88600640b3fffff,2023-08-24T00:00:00+00:00,positive,Red,village-level,Punjirimattom,flash_flood,moderate
E027,88600640b5fffff,2023-08-24T00:00:00+00:00,positive,Red,village-level,Punjirimattom,flash_flood,moderate
E027,88600640b7fffff,2023-08-24T00:00:00+00:00,positive,Red,village-level,Punjirimattom,flash_flood,moderate
E027,8860064e4bfffff,2023-08-24T00:00:00+00:00,positive,Red,village-level,Punjirimattom,flash_flood,moderate
E027,8860064e59fffff,2023-08-24T00:00:00+00:00,positive,Red,village-level,Punjirimattom,flash_flood,moderate
E027,8860064e5dfffff,2023-08-24T00:00:00+00:00,positive,Red,village-level,Punjirimattom,flash_flood,moderate
E028,88600640b5fffff,2021-06-12T00:00:00+00:00,positive,Red,village-level,Mundakkai,landslide,low
E028,88600640b7fffff,2021-06-12T00:00:00+00:00,positive,Red,village-level,Mundakkai,landslide,low
E028,8860064e41fffff,2021-06-12T00:00:00+00:00,positive,Red,village-level,Mundakkai,landslide,low
E028,8860064e43fffff,2021-06-12T00:00:00+00:00,positive,Red,village-level,Mundakkai,landslide,low
E028,8860064e49fffff,2021-06-12T00:00:00+00:00,positive,Red,village-level,Mundakkai,landslide,low
E028,8860064e4bfffff,2021-06-12T00:00:00+00:00,positive,Red,village-level,Mundakkai,landslide,low
E028,8860064e5dfffff,2021-06-12T00:00:00+00:00,positive,Red,village-level,Mundakkai,landslide,low
E028,88600640b5fffff,2021-06-12T00:00:00+00:00,positive,Red,village-level,Chooralmala,landslide,low
E028,88600640b7fffff,2021-06-12T00:00:00+00:00,positive,Red,village-level,Chooralmala,landslide,low
E028,8860064e41fffff,2021-06-12T00:00:00+00:00,positive,Red,village-level,Chooralmala,landslide,low
E028,8860064e43fffff,2021-06-12T00:00:00+00:00,positive,Red,village-level,Chooralmala,landslide,low
E028,8860064e49fffff,2021-06-12T00:00:00+00:00,positive,Red,village-level,Chooralmala,landslide,low
E028,8860064e4bfffff,2021-06-12T00:00:00+00:00,positive,Red,village-level,Chooralmala,landslide,low
E028,8860064e5dfffff,2021-06-12T00:00:00+00:00,positive,Red,village-level,Chooralmala,landslide,low
E028,8860064e41fffff,2021-06-12T00:00:00+00:00,positive,Red,village-level,Attamala,landslide,low
E028,8860064e43fffff,2021-06-12T00:00:00+00:00,positive,Red,village-level,Attamala,landslide,low
E028,8860064e45fffff,2021-06-12T00:00:00+00:00,positive,Red,village-level,Attamala,landslide,low
E028,8860064e47fffff,2021-06-12T00:00:00+00:00,positive,Red,village-level,Attamala,landslide,low
E028,8860064e49fffff,2021-06-12T00:00:00+00:00,positive,Red,village-level,Attamala,landslide,low
E028,8860064e4bfffff,2021-06-12T00:00:00+00:00,positive,Red,village-level,Attamala,landslide,low
E028,8860064e4dfffff,2021-06-12T00:00:00+00:00,positive,Red,village-level,Attamala,landslide,low
E028,88600640b1fffff,2021-06-12T00:00:00+00:00,positive,Red,village-level,Punjirimattom,landslide,low
E028,88600640b3fffff,2021-06-12T00:00:00+00:00,positive,Red,village-level,Punjirimattom,landslide,low
E028,88600640b5fffff,2021-06-12T00:00:00+00:00,positive,Red,village-level,Punjirimattom,landslide,low
E028,88600640b7fffff,2021-06-12T00:00:00+00:00,positive,Red,village-level,Punjirimattom,landslide,low
E028,8860064e4bfffff,2021-06-12T00:00:00+00:00,positive,Red,village-level,Punjirimattom,landslide,low
E028,8860064e59fffff,2021-06-12T00:00:00+00:00,positive,Red,village-level,Punjirimattom,landslide,low
E028,8860064e5dfffff,2021-06-12T00:00:00+00:00,positive,Red,village-level,Punjirimattom,landslide,low
E029,88600640b5fffff,2019-10-25T00:00:00+00:00,positive,Red,village-level,Mundakkai,flash_flood,moderate
E029,88600640b7fffff,2019-10-25T00:00:00+00:00,positive,Red,village-level,Mundakkai,flash_flood,moderate
E029,8860064e41fffff,2019-10-25T00:00:00+00:00,positive,Red,village-level,Mundakkai,flash_flood,moderate
E029,8860064e43fffff,2019-10-25T00:00:00+00:00,positive,Red,village-level,Mundakkai,flash_flood,moderate
E029,8860064e49fffff,2019-10-25T00:00:00+00:00,positive,Red,village-level,Mundakkai,flash_flood,moderate
E029,8860064e4bfffff,2019-10-25T00:00:00+00:00,positive,Red,village-level,Mundakkai,flash_flood,moderate
E029,8860064e5dfffff,2019-10-25T00:00:00+00:00,positive,Red,village-level,Mundakkai,flash_flood,moderate
E029,88600640b5fffff,2019-10-25T00:00:00+00:00,positive,Red,village-level,Chooralmala,flash_flood,moderate
E029,88600640b7fffff,2019-10-25T00:00:00+00:00,positive,Red,village-level,Chooralmala,flash_flood,moderate
E029,8860064e41fffff,2019-10-25T00:00:00+00:00,positive,Red,village-level,Chooralmala,flash_flood,moderate
E029,8860064e43fffff,2019-10-25T00:00:00+00:00,positive,Red,village-level,Chooralmala,flash_flood,moderate
E029,8860064e49fffff,2019-10-25T00:00:00+00:00,positive,Red,village-level,Chooralmala,flash_flood,moderate
E029,8860064e4bfffff,2019-10-25T00:00:00+00:00,positive,Red,village-level,Chooralmala,flash_flood,moderate
E029,8860064e5dfffff,2019-10-25T00:00:00+00:00,positive,Red,village-level,Chooralmala,flash_flood,moderate
E029,8860064e41fffff,2019-10-25T00:00:00+00:00,positive,Red,village-level,Attamala,flash_flood,moderate
E029,8860064e43fffff,2019-10-25T00:00:00+00:00,positive,Red,village-level,Attamala,flash_flood,moderate
E029,8860064e45fffff,2019-10-25T00:00:00+00:00,positive,Red,village-level,Attamala,flash_flood,moderate
E029,8860064e47fffff,2019-10-25T00:00:00+00:00,positive,Red,village-level,Attamala,flash_flood,moderate
E029,8860064e49fffff,2019-10-25T00:00:00+00:00,positive,Red,village-level,Attamala,flash_flood,moderate
E029,8860064e4bfffff,2019-10-25T00:00:00+00:00,positive,Red,village-level,Attamala,flash_flood,moderate
E029,8860064e4dfffff,2019-10-25T00:00:00+00:00,positive,Red,village-level,Attamala,flash_flood,moderate
E029,88600640b1fffff,2019-10-25T00:00:00+00:00,positive,Red,village-level,Punjirimattom,flash_flood,moderate
E029,88600640b3fffff,2019-10-25T00:00:00+00:00,positive,Red,village-level,Punjirimattom,flash_flood,moderate
E029,88600640b5fffff,2019-10-25T00:00:00+00:00,positive,Red,village-level,Punjirimattom,flash_flood,moderate
E029,88600640b7fffff,2019-10-25T00:00:00+00:00,positive,Red,village-level,Punjirimattom,flash_flood,moderate
E029,8860064e4bfffff,2019-10-25T00:00:00+00:00,positive,Red,village-level,Punjirimattom,flash_flood,moderate
E029,8860064e59fffff,2019-10-25T00:00:00+00:00,positive,Red,village-level,Punjirimattom,flash_flood,moderate
E029,8860064e5dfffff,2019-10-25T00:00:00+00:00,positive,Red,village-level,Punjirimattom,flash_flood,moderate
E030,88600640b5fffff,2018-05-30T00:00:00+00:00,positive,Red,village-level,Mundakkai,landslide,low
E030,88600640b7fffff,2018-05-30T00:00:00+00:00,positive,Red,village-level,Mundakkai,landslide,low
E030,8860064e41fffff,2018-05-30T00:00:00+00:00,positive,Red,village-level,Mundakkai,landslide,low
E030,8860064e43fffff,2018-05-30T00:00:00+00:00,positive,Red,village-level,Mundakkai,landslide,low
E030,8860064e49fffff,2018-05-30T00:00:00+00:00,positive,Red,village-level,Mundakkai,landslide,low
E030,8860064e4bfffff,2018-05-30T00:00:00+00:00,positive,Red,village-level,Mundakkai,landslide,low
E030,8860064e5dfffff,2018-05-30T00:00:00+00:00,positive,Red,village-level,Mundakkai,landslide,low
E030,88600640b5fffff,2018-05-30T00:00:00+00:00,positive,Red,village-level,Chooralmala,landslide,low
E030,88600640b7fffff,2018-05-30T00:00:00+00:00,positive,Red,village-level,Chooralmala,landslide,low
E030,8860064e41fffff,2018-05-30T00:00:00+00:00,positive,Red,village-level,Chooralmala,landslide,low
E030,8860064e43fffff,2018-05-30T00:00:00+00:00,positive,Red,village-level,Chooralmala,landslide,low
E030,8860064e49fffff,2018-05-30T00:00:00+00:00,positive,Red,village-level,Chooralmala,landslide,low
E030,8860064e4bfffff,2018-05-30T00:00:00+00:00,positive,Red,village-level,Chooralmala,landslide,low
E030,8860064e5dfffff,2018-05-30T00:00:00+00:00,positive,Red,village-level,Chooralmala,landslide,low
E030,8860064e41fffff,2018-05-30T00:00:00+00:00,positive,Red,village-level,Attamala,landslide,low
E030,8860064e43fffff,2018-05-30T00:00:00+00:00,positive,Red,village-level,Attamala,landslide,low
E030,8860064e45fffff,2018-05-30T00:00:00+00:00,positive,Red,village-level,Attamala,landslide,low
E030,8860064e47fffff,2018-05-30T00:00:00+00:00,positive,Red,village-level,Attamala,landslide,low
E030,8860064e49fffff,2018-05-30T00:00:00+00:00,positive,Red,village-level,Attamala,landslide,low
E030,8860064e4bfffff,2018-05-30T00:00:00+00:00,positive,Red,village-level,Attamala,landslide,low
E030,8860064e4dfffff,2018-05-30T00:00:00+00:00,positive,Red,village-level,Attamala,landslide,low
E030,88600640b1fffff,2018-05-30T00:00:00+00:00,positive,Red,village-level,Punjirimattom,landslide,low
E030,88600640b3fffff,2018-05-30T00:00:00+00:00,positive,Red,village-level,Punjirimattom,landslide,low
E030,88600640b5fffff,2018-05-30T00:00:00+00:00,positive,Red,village-level,Punjirimattom,landslide,low
E030,88600640b7fffff,2018-05-30T00:00:00+00:00,positive,Red,village-level,Punjirimattom,landslide,low
E030,8860064e4bfffff,2018-05-30T00:00:00+00:00,positive,Red,village-level,Punjirimattom,landslide,low
E030,8860064e59fffff,2018-05-30T00:00:00+00:00,positive,Red,village-level,Punjirimattom,landslide,low
E030,8860064e5dfffff,2018-05-30T00:00:00+00:00,positive,Red,village-level,Punjirimattom,landslide,low
